soil,temperature,humidity,rainfall,ph,season,region,irrigation,crop
Loamy,32.31,61.43,125.52,7.64,Kharif,East,High,Sugarcane
Clay,23.47,61.9,167.43,6.59,Zaid,South,High,Sugarcane
Clay,25.73,70.97,195.3,6.22,Kharif,North,Medium,Rice
Loamy,22.15,57.41,103.27,7.19,Kharif,West,Low,Cotton
Loamy,17.18,57.66,114.87,7.4,Rabi,Central,Medium,Wheat
Sandy,12.81,47.44,43.59,6.44,Rabi,West,Low,Barley
Clay,15.86,59.98,106.1,6.74,Rabi,West,Medium,Wheat
Sandy,28.57,59.74,33.91,7.36,Kharif,Central,Low,Millet
Sandy,30.62,54.17,33.23,6.51,Kharif,South,Low,Millet
Loamy,27.0,56.61,62.56,7.61,Kharif,South,Medium,Cotton
Loamy,20.42,72.37,116.59,6.45,Kharif,Central,Medium,Soybean
Red,25.77,41.89,82.79,6.45,Kharif,Central,Low,Millet
Loamy,10.09,47.11,70.78,6.26,Rabi,West,Low,Barley
Loamy,21.69,40.79,89.34,7.7,Rabi,North,Medium,Barley
Sandy,28.23,64.3,77.11,7.3,Kharif,South,Medium,Maize
Sandy,22.48,66.28,68.69,5.53,Kharif,North,Medium,Maize
Black,29.23,54.13,91.84,7.11,Kharif,Central,Low,Cotton
Clay,32.31,68.42,181.49,7.36,Kharif,North,High,Sugarcane
Loamy,18.81,52.94,81.15,6.09,Rabi,Central,Medium,Wheat
Loamy,31.28,85.44,277.74,6.51,Kharif,North,High,Rice
Loamy,23.08,88.32,212.23,5.07,Kharif,East,Medium,Rice
Loamy,21.92,56.22,76.98,6.41,Rabi,Central,Medium,Wheat
Loamy,20.17,56.25,51.86,7.12,Rabi,North,Low,Wheat
Clay,22.65,81.41,161.29,6.16,Kharif,North,High,Sugarcane
Clay,22.55,73.49,187.47,6.06,Kharif,South,Medium,Rice
Clay,23.81,74.73,214.91,6.03,Kharif,North,High,Rice
Clay,27.31,82.12,301.48,6.09,Kharif,East,High,Rice
Loamy,27.35,70.37,74.72,6.46,Kharif,West,Medium,Soybean
Loamy,25.81,65.27,114.36,6.38,Kharif,West,Medium,Soybean
Loamy,32.14,57.22,80.04,7.98,Kharif,South,Medium,Cotton
Loamy,10.24,48.37,75.87,7.83,Rabi,North,Medium,Barley
Loamy,34.81,47.21,108.47,6.25,Kharif,South,Low,Cotton
Red,24.95,45.7,40.04,6.19,Kharif,West,Low,Millet
Sandy,10.25,43.92,80.01,6.68,Rabi,West,Low,Barley
Clay,24.92,79.8,262.1,5.89,Kharif,East,High,Rice
Loamy,26.65,47.01,65.76,7.97,Kharif,West,Medium,Cotton
Clay,18.77,64.64,92.5,6.64,Rabi,West,Low,Wheat
Loamy,13.06,42.85,73.17,7.03,Rabi,West,Medium,Barley
Sandy,17.61,51.45,32.11,6.48,Rabi,Central,Low,Mustard
Black,27.96,57.83,111.47,6.14,Kharif,West,Medium,Soybean
Clay,30.98,85.25,217.87,5.66,Kharif,South,High,Rice
Black,25.89,65.35,137.79,6.04,Kharif,West,Medium,Soybean
Black,32.38,63.41,63.32,6.79,Kharif,West,Low,Cotton
Sandy,34.08,43.58,44.2,7.32,Kharif,West,Low,Millet
Sandy,18.21,73.12,136.15,5.52,Zaid,Central,Medium,Maize
Red,26.7,59.07,84.66,6.31,Kharif,Central,Low,Millet
Loamy,20.15,65.57,80.4,6.31,Kharif,Central,Medium,Soybean
Sandy,14.98,46.54,88.47,6.35,Rabi,West,Low,Barley
Loamy,31.11,83.13,185.06,5.01,Kharif,East,High,Rice
Loamy,12.49,50.48,54.01,7.72,Rabi,North,Low,Barley
Loamy,13.77,49.72,77.08,6.49,Rabi,West,Medium,Barley
Loamy,29.18,89.02,196.59,6.53,Kharif,North,Medium,Rice
Loamy,21.13,78.18,203.69,6.26,Zaid,North,High,Sugarcane
Sandy,28.52,57.05,77.61,6.52,Zaid,South,Medium,Groundnut
Loamy,21.19,66.38,82.51,6.09,Kharif,Central,Medium,Soybean
Loamy,30.01,75.02,182.88,6.17,Kharif,North,High,Sugarcane
Sandy,18.25,57.91,74.16,6.81,Zaid,Central,Medium,Maize
Loamy,18.18,44.69,67.54,7.54,Rabi,West,Low,Barley
Clay,20.5,48.5,75.04,6.72,Rabi,Central,Medium,Wheat
Black,32.48,45.8,73.6,7.72,Kharif,West,Low,Cotton
Loamy,18.8,56.02,108.0,7.07,Rabi,Central,Medium,Wheat
Clay,14.88,57.9,70.25,6.39,Rabi,West,Medium,Wheat
Sandy,32.05,55.14,37.52,5.67,Kharif,West,Low,Millet
Loamy,29.97,55.6,117.79,6.98,Kharif,Central,Medium,Soybean
Black,34.3,52.13,91.57,5.86,Kharif,South,Medium,Cotton
Red,32.51,51.27,72.11,6.31,Kharif,Central,Low,Millet
Red,31.67,64.6,57.76,6.55,Kharif,West,Medium,Groundnut
Clay,14.62,55.32,115.53,7.47,Rabi,North,Medium,Wheat
Loamy,25.28,61.12,95.43,5.64,Kharif,South,Medium,Maize
Sandy,27.24,35.57,66.86,7.15,Kharif,Central,Low,Millet
Red,24.42,51.97,93.75,6.1,Kharif,South,Low,Groundnut
Black,24.03,62.3,91.21,6.99,Kharif,South,Low,Cotton
Sandy,20.27,54.19,79.79,6.78,Rabi,West,Low,Barley
Sandy,27.29,52.06,74.41,6.16,Kharif,Central,Low,Millet
Loamy,23.35,52.57,103.95,6.81,Rabi,West,Medium,Wheat
Clay,13.96,58.37,76.37,6.93,Rabi,North,Medium,Wheat
Sandy,33.85,47.08,83.66,6.05,Kharif,South,Low,Millet
Clay,29.85,70.36,195.28,6.49,Kharif,East,Medium,Rice
Red,30.62,45.57,55.6,5.89,Kharif,South,Low,Millet
Sandy,25.62,46.21,50.51,6.14,Zaid,South,Low,Groundnut
Loamy,22.97,54.42,125.95,7.35,Kharif,North,Medium,Maize
Black,26.95,68.32,136.35,6.42,Kharif,West,Medium,Soybean
Loamy,33.12,66.43,158.98,6.31,Zaid,North,High,Sugarcane
Loamy,28.68,67.53,137.24,7.74,Zaid,East,High,Sugarcane
Clay,31.38,72.9,130.21,6.91,Zaid,North,High,Sugarcane
Loamy,28.76,59.86,112.16,6.34,Kharif,West,Medium,Soybean
Sandy,16.72,53.16,64.15,6.09,Rabi,North,Low,Mustard
Loamy,16.7,46.8,55.42,7.17,Rabi,Central,Medium,Wheat
Loamy,27.43,59.94,82.87,6.54,Kharif,West,Medium,Soybean
Black,33.86,51.22,103.19,6.01,Kharif,South,Low,Cotton
Loamy,26.92,81.99,310.37,5.22,Kharif,North,High,Rice
Black,32.39,63.61,77.17,7.84,Kharif,South,Medium,Cotton
Sandy,27.57,49.74,57.31,6.1,Kharif,West,Low,Millet
Black,21.33,46.41,101.22,6.32,Kharif,South,Low,Cotton
Sandy,19.64,44.77,32.27,7.62,Rabi,Central,Low,Mustard
Red,26.48,54.48,47.16,5.64,Kharif,West,Low,Millet
Loamy,20.43,62.56,146.0,6.72,Kharif,Central,Medium,Soybean
Sandy,26.9,61.37,63.54,6.53,Zaid,South,Low,Groundnut
Clay,31.92,87.83,284.81,6.6,Kharif,South,High,Rice
Red,28.83,40.35,85.0,7.45,Kharif,West,Low,Millet
Loamy,24.69,55.46,71.99,6.95,Kharif,Central,Medium,Cotton
Clay,15.04,48.21,109.64,6.88,Rabi,North,Low,Wheat
Loamy,17.4,41.46,48.91,6.2,Rabi,West,Medium,Barley
Sandy,24.43,45.88,85.46,7.36,Kharif,West,Medium,Groundnut
Loamy,14.61,57.36,66.85,7.31,Rabi,North,Medium,Barley
Loamy,28.68,79.67,106.88,7.53,Kharif,East,High,Sugarcane
Red,27.74,52.24,40.55,5.94,Kharif,West,Low,Millet
Sandy,30.86,56.16,78.53,6.68,Zaid,West,Low,Groundnut
Loamy,30.37,83.17,108.97,6.2,Kharif,East,High,Sugarcane
Loamy,17.9,59.84,51.77,7.81,Rabi,North,Medium,Barley
Loamy,30.95,83.44,208.28,6.04,Zaid,North,High,Sugarcane
Red,26.24,49.94,70.86,7.14,Zaid,South,Low,Groundnut
Sandy,31.92,59.09,53.04,6.67,Kharif,West,Low,Groundnut
Loamy,23.4,51.85,62.41,7.02,Rabi,West,Low,Wheat
Loamy,14.28,52.56,27.99,6.57,Rabi,West,Low,Mustard
Black,26.35,67.47,93.38,6.2,Kharif,West,Medium,Soybean
Loamy,24.42,45.28,109.2,6.29,Kharif,West,Medium,Cotton
Loamy,14.43,48.72,86.54,6.7,Rabi,West,Medium,Wheat
Clay,14.43,55.84,99.1,7.43,Rabi,Central,Low,Wheat
Loamy,29.31,50.56,108.11,7.03,Zaid,Central,Medium,Maize
Black,27.53,68.16,122.08,7.36,Kharif,West,Medium,Soybean
Red,22.1,59.3,65.4,6.76,Kharif,South,Low,Groundnut
Loamy,21.47,76.62,104.03,6.5,Kharif,North,High,Sugarcane
Loamy,33.5,61.31,57.46,6.45,Kharif,Central,Low,Cotton
Loamy,17.59,45.11,105.07,6.5,Rabi,West,Low,Wheat
Clay,20.97,62.89,69.08,6.17,Rabi,North,Low,Wheat
Loamy,24.53,81.8,193.31,6.11,Kharif,East,High,Rice
Sandy,20.73,51.26,129.39,6.11,Kharif,South,Medium,Maize
Loamy,21.87,57.96,104.72,6.64,Rabi,West,Low,Wheat
Sandy,23.36,63.37,53.02,6.02,Kharif,South,Low,Groundnut
Sandy,15.69,51.62,40.32,7.82,Rabi,North,Low,Barley
Loamy,21.04,42.04,86.99,6.14,Rabi,West,Low,Barley
Loamy,30.3,86.17,224.4,6.72,Kharif,South,Medium,Rice
Red,34.1,40.38,48.6,6.43,Kharif,South,Low,Millet
Sandy,30.01,45.75,51.68,6.69,Kharif,South,Low,Groundnut
Sandy,21.09,67.32,138.99,5.8,Kharif,North,Medium,Maize
Sandy,23.36,53.22,76.5,6.16,Kharif,West,Medium,Groundnut
Clay,31.09,70.04,186.7,7.65,Zaid,East,High,Sugarcane
Loamy,33.53,78.91,159.64,6.86,Kharif,North,High,Sugarcane
Loamy,24.29,47.64,70.3,7.59,Kharif,Central,Medium,Cotton
Loamy,12.97,40.66,52.3,7.35,Rabi,North,Low,Mustard
Sandy,29.8,60.3,92.27,7.35,Kharif,North,Medium,Maize
Sandy,25.66,42.91,53.88,5.99,Kharif,West,Low,Millet
Sandy,19.94,56.99,54.65,7.91,Rabi,North,Low,Barley
Loamy,21.83,74.08,147.49,7.45,Kharif,Central,Medium,Soybean
Black,27.91,66.69,70.75,6.85,Kharif,Central,Medium,Soybean
Loamy,20.34,51.45,135.94,6.31,Kharif,Central,Medium,Maize
Red,23.0,46.44,51.54,7.37,Zaid,South,Low,Groundnut
Loamy,21.07,49.61,88.13,6.64,Kharif,South,Medium,Cotton
Sandy,10.23,49.1,70.9,6.92,Rabi,West,Low,Barley
Red,25.79,62.3,56.59,6.9,Kharif,South,Low,Groundnut
Sandy,18.07,38.46,57.87,7.02,Rabi,West,Low,Mustard
Black,28.12,71.37,129.1,7.44,Kharif,Central,Medium,Soybean
Loamy,31.71,56.18,94.97,7.95,Kharif,West,Medium,Cotton
Clay,31.8,61.42,193.23,6.68,Zaid,North,High,Sugarcane
Sandy,28.07,64.45,72.47,6.1,Zaid,South,Medium,Groundnut
Black,28.27,62.04,112.99,6.67,Kharif,Central,Medium,Soybean
Sandy,19.72,49.31,32.38,6.02,Rabi,Central,Low,Mustard
Clay,26.37,83.86,134.41,7.56,Zaid,South,High,Sugarcane
Loamy,11.34,42.16,37.31,7.65,Rabi,West,Low,Mustard
Black,30.08,69.2,53.46,7.83,Kharif,South,Medium,Cotton
Sandy,32.92,43.51,82.49,6.05,Kharif,Central,Low,Millet
Sandy,24.68,41.45,78.24,7.0,Kharif,Central,Low,Millet
Sandy,21.75,74.24,118.65,6.24,Zaid,Central,Medium,Maize
Black,20.27,57.77,133.83,6.7,Kharif,West,Medium,Soybean
Loamy,25.57,72.05,111.08,6.54,Zaid,Central,Medium,Maize
Loamy,31.16,79.62,225.97,5.96,Kharif,North,Medium,Rice
Clay,33.32,63.5,215.16,7.07,Zaid,North,High,Sugarcane
Clay,24.87,83.81,173.82,6.69,Kharif,East,High,Sugarcane
Loamy,28.29,63.86,136.43,7.6,Zaid,South,High,Sugarcane
Clay,23.45,72.07,262.27,5.31,Kharif,East,Medium,Rice
Clay,22.25,88.55,242.75,5.55,Kharif,East,Medium,Rice
Sandy,10.4,41.39,35.55,7.78,Rabi,North,Low,Mustard
Sandy,11.44,59.98,60.62,6.0,Rabi,North,Low,Barley
Loamy,31.21,64.97,89.87,7.66,Kharif,West,Low,Cotton
Loamy,22.92,72.46,170.59,6.0,Zaid,East,High,Sugarcane
Sandy,29.01,74.6,88.16,6.78,Zaid,South,Medium,Maize
Loamy,26.51,61.45,142.51,6.45,Kharif,West,Medium,Soybean
Sandy,29.92,48.34,55.47,7.41,Kharif,West,Medium,Groundnut
Black,24.5,48.49,101.63,6.3,Kharif,West,Low,Cotton
Sandy,25.81,42.2,60.6,7.17,Kharif,Central,Low,Millet
Sandy,14.77,48.23,49.39,7.51,Rabi,North,Low,Barley
Loamy,15.11,59.18,87.22,7.43,Rabi,North,Low,Barley
Red,24.01,46.84,32.34,6.05,Kharif,West,Low,Millet
Sandy,22.23,67.79,61.48,6.38,Kharif,South,Medium,Maize
Sandy,25.75,47.16,44.62,5.97,Kharif,West,Low,Millet
Sandy,24.59,49.88,89.03,6.56,Kharif,South,Low,Millet
Loamy,32.58,74.07,210.3,6.54,Kharif,North,High,Sugarcane
Loamy,19.62,46.36,43.56,6.27,Rabi,North,Low,Mustard
Loamy,31.8,82.23,187.63,6.11,Kharif,East,High,Rice
Sandy,14.76,44.18,71.82,6.55,Rabi,Central,Low,Mustard
Black,22.61,58.16,137.42,6.13,Kharif,Central,Medium,Soybean
Black,29.41,59.39,78.01,7.18,Kharif,West,Medium,Soybean
Loamy,16.01,49.88,113.89,7.39,Rabi,West,Medium,Wheat
Sandy,27.05,71.06,129.52,5.57,Kharif,South,Medium,Maize
Loamy,28.54,89.4,317.84,5.52,Kharif,North,Medium,Rice
Red,29.35,64.48,103.31,6.38,Zaid,South,Medium,Groundnut
Loamy,17.41,45.97,57.81,6.69,Rabi,Central,Low,Mustard
Red,31.25,49.24,42.86,6.92,Kharif,West,Low,Millet
Loamy,10.55,42.86,76.16,7.32,Rabi,North,Low,Mustard
Sandy,20.31,36.58,74.93,7.16,Rabi,Central,Low,Mustard
Red,30.88,55.93,32.81,5.85,Kharif,South,Low,Millet
Loamy,31.51,65.42,196.55,6.96,Zaid,North,High,Sugarcane
Loamy,13.51,64.04,83.74,7.43,Rabi,North,Medium,Wheat
Loamy,21.92,63.55,91.82,7.0,Rabi,Central,Medium,Wheat
Black,24.81,56.5,60.89,6.97,Kharif,West,Low,Cotton
Red,30.57,50.07,50.42,7.22,Kharif,West,Low,Millet
Loamy,27.9,61.54,151.71,6.7,Zaid,South,High,Sugarcane
Sandy,31.77,45.29,85.81,7.19,Kharif,South,Low,Groundnut
Loamy,27.56,61.9,82.82,7.0,Kharif,Central,Medium,Soybean
Black,23.88,74.57,107.1,6.65,Kharif,West,Medium,Soybean
Sandy,25.26,63.37,93.99,7.21,Zaid,South,Medium,Groundnut
Loamy,30.93,68.7,55.49,6.52,Kharif,West,Medium,Cotton
Sandy,24.03,62.56,91.45,6.51,Kharif,West,Medium,Groundnut
Sandy,24.47,51.97,59.18,7.05,Rabi,Central,Low,Mustard
Sandy,29.85,40.11,73.57,5.89,Kharif,West,Low,Millet
Sandy,16.91,51.35,81.44,6.47,Rabi,North,Low,Barley
Sandy,15.98,43.16,61.6,6.29,Rabi,West,Medium,Barley
Clay,16.57,52.95,90.93,6.19,Rabi,West,Medium,Wheat
Loamy,18.18,36.19,63.41,7.29,Rabi,West,Low,Mustard
Sandy,24.8,62.27,64.42,7.26,Zaid,West,Low,Groundnut
Sandy,18.61,58.99,73.45,7.09,Rabi,North,Low,Barley
Black,22.5,50.92,81.66,5.95,Kharif,Central,Low,Cotton
Loamy,30.33,64.28,151.09,6.88,Kharif,North,High,Sugarcane
Loamy,33.11,82.67,168.82,7.04,Zaid,East,High,Sugarcane
Red,25.04,64.38,76.92,6.07,Kharif,West,Low,Groundnut
Clay,23.78,54.38,112.77,6.71,Rabi,North,Low,Wheat
Loamy,27.45,65.81,134.33,7.46,Zaid,North,Medium,Maize
Loamy,28.46,69.42,83.92,6.55,Kharif,West,Medium,Soybean
Clay,23.4,79.56,238.36,5.42,Kharif,East,High,Rice
Sandy,11.12,41.46,49.28,6.38,Rabi,North,Low,Barley
Sandy,13.26,47.15,63.95,6.99,Rabi,North,Medium,Barley
Clay,21.88,72.78,106.53,6.54,Zaid,South,High,Sugarcane
Sandy,24.7,41.75,51.55,6.18,Rabi,Central,Low,Mustard
Black,29.15,57.52,78.33,7.6,Kharif,South,Low,Cotton
Loamy,26.62,58.12,85.53,7.32,Kharif,Central,Medium,Soybean
Loamy,18.91,43.01,52.85,7.55,Rabi,North,Medium,Barley
Loamy,18.24,58.1,54.75,7.32,Rabi,North,Medium,Barley
Loamy,24.78,76.09,239.91,6.1,Kharif,East,High,Rice
Red,31.11,61.76,98.77,6.34,Kharif,South,Low,Groundnut
Loamy,26.97,72.69,231.15,5.12,Kharif,South,High,Rice
Sandy,21.81,48.17,58.08,7.47,Rabi,West,Low,Mustard
Sandy,27.35,56.14,78.46,5.55,Zaid,South,Medium,Maize
Loamy,30.55,69.36,75.01,6.98,Kharif,Central,Low,Cotton
Loamy,19.13,60.31,130.04,6.07,Zaid,South,Medium,Maize
Loamy,27.68,73.42,108.52,6.92,Kharif,South,Medium,Maize
Loamy,22.57,72.84,122.57,7.25,Kharif,West,Medium,Soybean
Loamy,25.0,50.24,30.95,7.62,Rabi,Central,Low,Mustard
Loamy,19.94,49.53,65.44,7.44,Rabi,North,Low,Barley
Sandy,28.36,64.67,103.75,7.05,Kharif,West,Medium,Groundnut
Loamy,19.83,67.19,63.79,6.07,Kharif,North,Medium,Maize
Clay,24.84,80.05,205.53,6.85,Zaid,North,High,Sugarcane
Clay,27.61,85.84,289.74,5.79,Kharif,East,Medium,Rice
Loamy,20.75,68.58,127.32,6.79,Kharif,West,Medium,Soybean
Loamy,22.87,71.34,165.62,7.65,Kharif,East,High,Sugarcane
Clay,27.8,65.07,182.23,6.99,Zaid,East,High,Sugarcane
Loamy,30.67,63.51,136.85,6.8,Kharif,North,High,Sugarcane
Clay,15.78,56.28,97.37,6.1,Rabi,West,Medium,Wheat
Clay,31.86,79.3,316.91,5.74,Kharif,East,Medium,Rice
Loamy,23.36,52.09,75.1,6.51,Kharif,South,Low,Cotton
Sandy,10.21,39.32,65.61,7.54,Rabi,North,Low,Mustard
Loamy,17.89,55.59,87.56,6.65,Rabi,West,Medium,Wheat
Black,32.63,46.29,78.66,7.75,Kharif,West,Low,Cotton
Clay,24.95,63.09,122.34,6.6,Kharif,North,High,Sugarcane
Red,30.88,56.88,99.47,6.33,Zaid,South,Low,Groundnut
Sandy,27.09,46.05,46.12,6.88,Kharif,West,Low,Millet
Red,28.64,48.96,37.22,7.13,Kharif,West,Low,Millet
Sandy,29.14,62.46,104.34,7.32,Kharif,South,Low,Groundnut
Clay,27.15,75.12,311.05,5.3,Kharif,South,High,Rice
Loamy,12.63,45.01,80.54,7.16,Rabi,North,Medium,Wheat
Loamy,13.09,52.55,50.38,6.17,Rabi,Central,Low,Mustard
Red,31.19,60.26,75.99,6.41,Zaid,West,Low,Groundnut
Loamy,11.67,58.2,66.57,7.17,Rabi,West,Low,Barley
Loamy,19.94,59.4,62.96,7.27,Rabi,North,Medium,Barley
Red,33.7,37.68,64.46,5.81,Kharif,South,Low,Millet
Loamy,19.76,51.85,78.57,6.66,Rabi,West,Medium,Wheat
Black,26.07,58.53,127.0,6.42,Kharif,Central,Medium,Soybean
Sandy,22.68,63.27,138.12,5.87,Zaid,North,Medium,Maize
Sandy,25.32,69.42,124.84,6.92,Kharif,North,Medium,Maize
Loamy,26.45,55.11,67.49,7.28,Zaid,Central,Medium,Maize
Red,23.17,63.48,60.43,6.55,Kharif,South,Low,Groundnut
Loamy,23.66,75.69,201.51,5.21,Kharif,North,Medium,Rice
Clay,22.95,49.24,82.89,7.1,Rabi,West,Low,Wheat
Sandy,19.41,55.96,100.23,6.51,Kharif,South,Medium,Maize
Loamy,21.02,42.83,72.51,7.34,Rabi,Central,Low,Mustard
Black,25.76,51.25,81.65,6.63,Kharif,South,Medium,Cotton
Loamy,21.05,65.58,91.81,6.4,Kharif,West,Medium,Soybean
Sandy,16.54,53.21,61.53,6.44,Rabi,West,Medium,Barley
Sandy,25.39,57.02,54.79,6.33,Zaid,South,Low,Groundnut
Red,24.51,54.0,74.23,7.49,Kharif,South,Low,Millet
Loamy,24.89,70.71,70.49,7.4,Kharif,Central,Medium,Soybean
Loamy,17.2,40.49,48.35,7.64,Rabi,West,Low,Mustard
Sandy,29.09,48.14,100.76,7.43,Kharif,West,Low,Groundnut
Black,20.77,57.84,142.01,7.33,Kharif,West,Medium,Soybean
Red,32.85,41.48,66.31,6.32,Kharif,Central,Low,Millet
Sandy,11.56,53.9,53.69,6.69,Rabi,North,Low,Barley
Black,20.57,68.35,99.47,6.98,Kharif,Central,Medium,Soybean
Loamy,20.99,38.76,49.41,6.96,Rabi,West,Low,Mustard
Black,29.64,61.13,71.88,6.38,Kharif,Central,Medium,Soybean
Sandy,19.47,45.63,74.76,7.82,Rabi,West,Low,Barley
Loamy,21.28,51.24,57.11,6.28,Kharif,South,Medium,Cotton
Sandy,28.44,50.58,107.91,6.31,Zaid,West,Low,Groundnut
Sandy,13.01,49.06,44.39,7.44,Rabi,West,Medium,Barley
Loamy,19.13,62.56,76.21,6.15,Rabi,West,Low,Wheat
Loamy,28.92,69.84,64.7,6.36,Zaid,Central,Medium,Maize
Black,21.15,59.88,109.47,6.37,Kharif,South,Medium,Cotton
Red,24.78,42.93,82.37,6.66,Kharif,Central,Low,Millet
Sandy,26.01,51.65,102.2,6.73,Kharif,West,Low,Groundnut
Sandy,18.16,35.81,34.55,7.12,Rabi,West,Low,Mustard
Black,21.71,68.08,103.02,6.95,Kharif,Central,Low,Cotton
Sandy,24.48,40.49,67.15,6.57,Rabi,Central,Low,Mustard
Sandy,26.46,42.77,39.64,6.11,Kharif,South,Low,Millet
Clay,29.79,82.85,289.06,5.24,Kharif,North,Medium,Rice
Black,23.82,70.19,130.23,6.13,Kharif,Central,Medium,Soybean
Loamy,25.28,66.46,126.37,5.55,Kharif,South,Medium,Maize
Sandy,17.77,40.81,64.78,7.31,Rabi,North,Medium,Barley
Loamy,26.78,85.23,306.47,6.3,Kharif,East,Medium,Rice
Sandy,25.97,45.35,77.21,7.32,Kharif,Central,Low,Millet
Sandy,22.9,68.73,86.68,6.16,Zaid,South,Medium,Maize
Clay,27.74,66.77,158.68,6.07,Kharif,East,High,Sugarcane
Loamy,15.16,35.11,79.02,7.09,Rabi,West,Low,Mustard
Sandy,23.04,54.42,50.22,6.59,Rabi,North,Low,Mustard
Loamy,22.92,61.99,128.95,6.78,Kharif,Central,Medium,Maize
Loamy,22.1,54.62,60.84,6.57,Kharif,Central,Medium,Cotton
Red,30.44,38.87,83.14,6.24,Kharif,Central,Low,Millet
Loamy,20.96,80.86,162.81,7.63,Zaid,North,High,Sugarcane
Sandy,19.3,55.63,123.44,7.2,Zaid,Central,Medium,Maize
Loamy,11.29,38.17,32.3,7.68,Rabi,Central,Low,Mustard
Red,22.61,58.11,80.3,6.68,Zaid,West,Medium,Groundnut
Loamy,31.09,80.59,283.92,6.06,Kharif,East,Medium,Rice
Red,30.39,45.42,33.09,7.37,Kharif,West,Low,Millet
Loamy,21.17,58.91,80.74,7.58,Kharif,Central,Medium,Cotton
Black,26.87,59.96,112.03,7.19,Kharif,Central,Medium,Soybean
Loamy,22.02,71.14,101.61,7.19,Kharif,South,Medium,Maize
Loamy,23.3,47.41,112.73,6.15,Rabi,North,Medium,Wheat
Sandy,34.99,42.36,41.04,6.06,Kharif,Central,Low,Millet
Sandy,28.32,73.32,76.31,6.56,Zaid,Central,Medium,Maize
Sandy,21.93,62.56,93.42,6.01,Kharif,South,Medium,Maize
Clay,13.73,62.58,56.73,6.23,Rabi,North,Low,Wheat
Sandy,27.06,55.63,92.39,6.73,Zaid,West,Medium,Groundnut
Loamy,18.83,56.8,109.46,6.01,Rabi,North,Medium,Wheat
Sandy,11.54,49.77,73.79,7.67,Rabi,West,Low,Mustard
Loamy,28.41,65.38,97.74,7.26,Kharif,Central,Medium,Soybean
Loamy,19.57,51.29,135.63,6.03,Kharif,Central,Medium,Maize
Sandy,29.84,61.46,67.42,6.62,Kharif,North,Medium,Maize
Clay,16.92,49.38,107.12,7.29,Rabi,West,Medium,Wheat
Sandy,31.99,51.05,51.58,6.77,Kharif,South,Low,Groundnut
Clay,26.31,78.78,155.75,6.62,Zaid,South,High,Sugarcane
Red,30.75,53.15,50.13,5.52,Kharif,Central,Low,Millet
Sandy,20.37,46.07,73.76,6.93,Rabi,West,Medium,Barley
Clay,26.59,81.37,199.57,5.21,Kharif,North,High,Rice
Clay,23.9,45.08,51.16,7.49,Rabi,West,Low,Wheat
Loamy,31.94,54.43,50.74,6.92,Kharif,West,Low,Cotton
Loamy,21.64,59.23,78.88,7.03,Kharif,North,Medium,Maize
Sandy,27.05,52.44,97.46,5.9,Zaid,North,Medium,Maize
Black,28.68,49.01,86.62,7.54,Kharif,Central,Low,Cotton
Sandy,19.68,66.94,125.16,5.97,Zaid,North,Medium,Maize
Loamy,30.86,48.73,82.0,7.28,Kharif,West,Medium,Cotton
Red,24.61,36.0,43.64,7.19,Kharif,Central,Low,Millet
Red,29.52,47.99,78.17,7.1,Kharif,West,Medium,Groundnut
Loamy,29.0,55.56,83.62,6.55,Kharif,West,Medium,Cotton
Loamy,21.76,68.9,108.85,7.43,Kharif,West,Medium,Cotton
Sandy,23.9,63.22,108.16,6.98,Kharif,North,Medium,Maize
Red,25.88,52.86,55.76,6.4,Zaid,South,Medium,Groundnut
Sandy,30.73,53.83,86.16,5.73,Kharif,West,Low,Millet
Red,24.73,45.06,75.67,6.02,Zaid,South,Medium,Groundnut
Sandy,30.93,47.66,102.7,7.26,Zaid,South,Medium,Groundnut
Loamy,22.01,80.16,248.53,5.6,Kharif,South,High,Rice
Loamy,27.75,61.62,85.1,7.09,Kharif,Central,Medium,Soybean
Sandy,24.19,41.86,87.32,6.13,Kharif,Central,Low,Millet
Red,25.89,55.14,68.85,7.28,Zaid,South,Medium,Groundnut
Loamy,32.83,76.23,211.39,6.75,Zaid,North,High,Sugarcane
Black,23.85,61.49,127.36,7.08,Kharif,West,Medium,Soybean
Loamy,31.48,79.98,215.43,6.45,Zaid,East,High,Sugarcane
Clay,21.86,83.85,134.18,6.64,Kharif,East,High,Sugarcane
Loamy,20.92,45.46,118.55,6.57,Rabi,North,Low,Wheat
Red,28.06,53.66,87.49,6.67,Zaid,West,Medium,Groundnut
Loamy,23.78,35.42,38.17,7.28,Rabi,Central,Low,Mustard
Red,32.35,43.59,51.86,7.49,Kharif,Central,Low,Millet
Loamy,33.43,77.68,218.55,7.75,Kharif,South,High,Sugarcane
Sandy,18.59,35.77,74.84,7.72,Rabi,West,Low,Mustard
Loamy,29.43,48.34,91.63,7.66,Kharif,Central,Medium,Cotton
Black,29.05,56.68,86.86,6.78,Kharif,West,Medium,Cotton
Loamy,20.67,72.95,142.83,6.82,Kharif,West,Medium,Soybean
Clay,20.44,78.07,165.4,6.49,Kharif,North,High,Sugarcane
Red,27.38,45.79,63.26,6.61,Kharif,Central,Low,Millet
Black,20.63,73.89,86.62,7.02,Kharif,West,Medium,Soybean
Sandy,13.44,42.72,67.47,6.89,Rabi,West,Medium,Barley
Clay,25.11,83.75,278.76,5.7,Kharif,North,Medium,Rice
Sandy,15.28,44.24,34.18,6.34,Rabi,North,Low,Mustard
Sandy,27.56,60.45,61.4,6.83,Zaid,West,Low,Groundnut
Loamy,16.67,52.24,89.29,7.31,Rabi,West,Medium,Barley
Loamy,32.16,69.24,56.05,7.1,Kharif,Central,Medium,Cotton
Clay,18.2,59.83,101.18,7.17,Rabi,West,Low,Wheat
Black,26.51,63.56,78.45,7.06,Kharif,West,Medium,Cotton
Loamy,22.42,84.9,107.64,7.49,Kharif,South,High,Sugarcane
Black,23.77,59.34,79.88,7.08,Kharif,West,Medium,Cotton
Sandy,16.63,56.72,53.99,7.04,Rabi,West,Medium,Barley
Loamy,19.13,74.86,121.61,5.69,Zaid,North,Medium,Maize
Loamy,14.13,58.8,71.37,7.04,Rabi,West,Medium,Barley
Loamy,20.24,47.94,81.21,7.1,Rabi,North,Medium,Barley
Red,25.81,62.08,58.68,7.31,Kharif,West,Low,Groundnut
Loamy,23.82,64.05,139.89,6.6,Zaid,South,High,Sugarcane
Sandy,33.63,55.63,81.58,6.26,Kharif,South,Low,Millet
Sandy,18.51,43.76,44.26,6.41,Rabi,Central,Low,Mustard
Loamy,24.28,54.71,123.62,7.42,Zaid,North,Medium,Maize
Black,24.28,70.68,136.26,6.47,Kharif,West,Medium,Soybean
Loamy,21.59,76.48,193.71,7.37,Kharif,South,High,Sugarcane
Sandy,25.79,61.66,62.28,6.64,Zaid,South,Low,Groundnut
Red,34.33,38.14,54.91,6.8,Kharif,South,Low,Millet
Loamy,19.75,57.62,67.35,7.64,Rabi,West,Low,Barley
Loamy,20.64,62.0,84.09,6.99,Kharif,Central,Medium,Soybean
Sandy,25.24,56.14,63.4,5.95,Kharif,South,Medium,Maize
Loamy,26.53,82.69,228.06,5.76,Kharif,East,Medium,Rice
Clay,23.86,61.37,101.91,6.7,Rabi,North,Low,Wheat
Sandy,28.47,72.25,85.15,6.3,Zaid,North,Medium,Maize
Sandy,11.09,50.74,31.95,6.71,Rabi,West,Low,Mustard
Sandy,22.59,60.4,66.11,6.58,Zaid,South,Low,Groundnut
Sandy,29.93,50.97,76.64,6.54,Zaid,Central,Medium,Maize
Sandy,15.1,44.53,39.54,6.23,Rabi,West,Low,Mustard
Sandy,23.29,53.48,73.37,6.05,Kharif,South,Low,Groundnut
Black,20.86,58.82,106.44,7.4,Kharif,West,Medium,Soybean
Black,28.95,46.73,60.22,5.95,Kharif,South,Low,Cotton
Red,28.07,64.84,84.11,6.17,Kharif,South,Low,Groundnut
Clay,16.67,49.29,89.39,7.13,Rabi,Central,Low,Wheat
Loamy,26.18,79.48,211.58,6.03,Kharif,East,High,Rice
Loamy,16.19,57.55,46.1,6.23,Rabi,West,Low,Barley
Sandy,26.38,47.12,73.0,6.07,Kharif,Central,Low,Millet
Sandy,23.38,46.09,92.27,6.68,Zaid,South,Medium,Groundnut
Loamy,20.88,62.74,111.44,6.63,Kharif,East,High,Sugarcane
Sandy,24.52,43.58,40.22,6.77,Rabi,West,Low,Mustard
Sandy,20.63,37.83,40.19,7.18,Rabi,West,Low,Mustard
Sandy,25.93,40.49,58.67,7.25,Kharif,West,Low,Millet
Red,27.83,49.03,92.0,7.02,Zaid,West,Low,Groundnut
Loamy,12.54,40.84,60.24,7.71,Rabi,West,Low,Barley
Loamy,20.3,54.39,124.96,6.03,Zaid,Central,Medium,Maize
Loamy,23.73,62.36,92.59,6.64,Zaid,South,Medium,Maize
Sandy,17.79,51.48,47.81,6.9,Rabi,North,Low,Barley
Loamy,11.96,52.68,63.76,7.25,Rabi,Central,Low,Mustard
Loamy,26.88,54.6,105.87,6.13,Kharif,South,Low,Cotton
Loamy,10.31,50.44,56.01,6.45,Rabi,West,Low,Barley
Clay,19.84,58.46,80.43,6.34,Rabi,North,Low,Wheat
Sandy,25.46,65.26,109.88,5.77,Kharif,Central,Medium,Maize
Sandy,20.43,66.5,117.99,6.7,Kharif,Central,Medium,Maize
Black,28.38,66.82,90.74,6.0,Kharif,South,Low,Cotton
Loamy,28.53,86.09,254.58,6.14,Kharif,East,High,Rice
Loamy,18.47,66.34,87.12,6.81,Kharif,North,Medium,Maize
Black,27.23,69.97,123.29,6.31,Kharif,Central,Medium,Soybean
Loamy,20.77,38.94,54.4,6.04,Rabi,West,Low,Mustard
Loamy,14.27,45.5,89.0,6.5,Rabi,North,Low,Barley
Sandy,28.23,35.08,70.43,5.61,Kharif,Central,Low,Millet
Red,33.75,41.79,76.51,6.82,Kharif,Central,Low,Millet
Red,30.19,42.97,85.77,6.16,Kharif,Central,Low,Millet
Sandy,20.11,59.47,72.67,7.32,Rabi,North,Medium,Barley
Sandy,32.62,45.41,86.24,6.08,Kharif,Central,Low,Millet
Black,22.98,67.13,99.55,6.0,Kharif,West,Medium,Soybean
Sandy,23.41,54.52,77.35,5.69,Zaid,North,Medium,Maize
Black,23.11,45.22,52.84,7.48,Kharif,West,Low,Cotton
Clay,32.3,68.05,168.58,6.5,Zaid,East,High,Sugarcane
Sandy,18.77,48.58,54.22,7.45,Rabi,Central,Low,Mustard
Sandy,23.06,48.45,44.95,6.04,Rabi,West,Low,Mustard
Loamy,31.96,70.35,168.46,6.0,Kharif,South,High,Sugarcane
Sandy,15.39,44.05,74.96,6.71,Rabi,North,Low,Barley
Red,31.29,63.16,109.46,6.2,Zaid,South,Medium,Groundnut
Black,25.5,66.97,117.99,6.83,Kharif,West,Medium,Soybean
Loamy,22.85,37.81,57.12,6.73,Rabi,West,Low,Mustard
Loamy,21.88,44.85,53.71,7.63,Rabi,North,Low,Barley
Red,24.67,46.87,73.64,6.03,Kharif,West,Low,Groundnut
Loamy,19.38,64.1,117.68,5.62,Zaid,South,Medium,Maize
Loamy,23.28,59.08,72.09,7.18,Kharif,West,Medium,Cotton
Sandy,29.09,50.76,31.4,6.06,Kharif,South,Low,Millet
Clay,26.32,75.81,119.14,7.21,Zaid,East,High,Sugarcane
Sandy,26.19,51.85,95.75,6.32,Zaid,South,Medium,Maize
Clay,23.51,73.62,306.99,5.08,Kharif,South,Medium,Rice
Loamy,25.69,55.04,131.04,7.12,Kharif,North,Medium,Maize
Sandy,24.39,46.51,57.4,6.38,Rabi,North,Low,Mustard
Loamy,26.59,85.68,269.1,6.03,Kharif,South,High,Rice
Clay,31.95,83.49,294.05,6.62,Kharif,East,Medium,Rice
Sandy,27.23,42.65,45.68,6.42,Kharif,West,Low,Millet
Clay,25.04,70.62,241.14,5.39,Kharif,South,High,Rice
Loamy,27.77,62.35,118.52,7.68,Zaid,East,High,Sugarcane
Loamy,22.16,48.59,78.95,6.67,Rabi,North,Medium,Wheat
Sandy,31.59,60.76,75.45,6.5,Zaid,West,Medium,Groundnut
Sandy,18.97,36.09,25.28,6.1,Rabi,West,Low,Mustard
Loamy,19.35,45.7,61.03,6.31,Rabi,Central,Medium,Wheat
Loamy,16.26,43.94,43.82,6.4,Rabi,North,Medium,Barley
Black,22.63,69.23,73.85,6.84,Kharif,West,Medium,Soybean
Sandy,12.16,54.32,57.86,7.7,Rabi,North,Low,Barley
Sandy,21.19,40.43,34.96,6.59,Rabi,Central,Low,Mustard
Black,25.96,63.33,99.1,7.23,Kharif,West,Medium,Soybean
Loamy,23.78,73.04,99.48,6.44,Zaid,Central,Medium,Maize
Sandy,29.64,72.65,137.66,6.6,Zaid,North,Medium,Maize
Clay,29.12,73.01,186.63,5.25,Kharif,South,High,Rice
Loamy,18.47,62.37,69.92,5.98,Zaid,Central,Medium,Maize
Loamy,21.18,60.75,94.6,6.01,Zaid,Central,Medium,Maize
Sandy,24.47,64.14,61.43,6.27,Kharif,South,Low,Groundnut
Loamy,22.39,60.16,53.98,6.33,Kharif,West,Medium,Cotton
Clay,19.43,48.25,104.11,7.28,Rabi,North,Medium,Wheat
Loamy,12.24,44.39,56.16,7.18,Rabi,West,Low,Barley
Red,26.25,52.84,75.69,6.64,Zaid,South,Medium,Groundnut
Clay,27.64,75.42,135.03,6.12,Zaid,North,High,Sugarcane
Loamy,22.09,73.77,184.38,5.2,Kharif,North,Medium,Rice
Sandy,30.45,52.35,69.24,6.77,Kharif,South,Low,Groundnut
Black,28.74,65.25,107.87,6.3,Kharif,Central,Medium,Soybean
Loamy,20.15,49.28,56.94,6.31,Rabi,North,Medium,Wheat
Black,21.23,69.1,98.95,7.39,Kharif,South,Medium,Cotton
Loamy,14.59,59.9,59.18,6.3,Rabi,West,Medium,Wheat
Sandy,23.37,58.65,97.41,5.84,Kharif,Central,Medium,Maize
Loamy,18.61,51.74,67.3,7.22,Rabi,West,Low,Mustard
Loamy,24.41,69.3,90.31,6.68,Kharif,Central,Medium,Maize
Sandy,28.28,51.94,121.2,6.12,Zaid,North,Medium,Maize
Sandy,24.51,37.38,59.76,7.29,Rabi,West,Low,Mustard
Loamy,23.57,57.24,123.68,7.32,Zaid,Central,Medium,Maize
Sandy,10.78,41.5,69.49,7.62,Rabi,North,Low,Barley
Loamy,23.0,59.04,98.06,6.62,Kharif,West,Medium,Soybean
Loamy,20.8,53.95,48.49,7.27,Rabi,Central,Low,Mustard
Loamy,10.19,40.47,28.4,6.68,Rabi,North,Low,Mustard
Black,26.55,72.08,132.63,7.29,Kharif,Central,Medium,Soybean
Sandy,23.75,46.0,67.28,6.53,Rabi,West,Low,Mustard
Black,30.45,66.03,109.46,6.16,Kharif,West,Low,Cotton
Loamy,20.66,60.62,151.6,7.59,Kharif,North,High,Sugarcane
Loamy,22.64,86.55,268.43,6.36,Kharif,North,High,Rice
Loamy,33.51,74.97,149.88,7.06,Kharif,North,High,Sugarcane
Loamy,34.94,45.4,83.46,7.45,Kharif,South,Low,Cotton
Loamy,29.88,51.85,70.6,7.15,Zaid,South,Medium,Maize
Clay,23.54,83.66,284.27,6.74,Kharif,South,High,Rice
Black,20.19,65.02,139.02,6.49,Kharif,Central,Medium,Soybean
Sandy,31.29,54.17,40.0,5.59,Kharif,West,Low,Millet
Loamy,29.39,72.62,197.33,6.67,Kharif,East,High,Rice
Loamy,18.44,64.31,117.45,7.28,Rabi,West,Low,Wheat
Loamy,30.41,75.21,225.15,5.44,Kharif,North,Medium,Rice
Loamy,31.97,64.08,160.87,6.76,Zaid,North,High,Sugarcane
Black,28.19,71.35,140.2,6.07,Kharif,Central,Medium,Soybean
Loamy,22.67,75.97,175.42,6.76,Kharif,North,High,Sugarcane
Red,25.59,52.43,75.85,6.06,Zaid,West,Medium,Groundnut
Loamy,11.73,54.46,75.73,6.59,Rabi,North,Low,Mustard
Sandy,27.78,46.32,60.34,7.47,Kharif,West,Low,Millet
Sandy,16.38,40.29,58.47,7.13,Rabi,Central,Low,Mustard
Sandy,14.35,49.07,70.1,6.84,Rabi,West,Low,Mustard
Sandy,24.05,71.49,95.86,6.06,Kharif,South,Medium,Maize
Sandy,18.37,59.91,135.61,5.6,Zaid,South,Medium,Maize
Loamy,29.21,53.06,91.84,7.91,Kharif,Central,Medium,Cotton
Loamy,24.94,53.53,137.79,7.31,Zaid,Central,Medium,Maize
Loamy,15.69,57.31,59.32,6.79,Rabi,North,Low,Barley
Loamy,13.33,47.33,59.55,7.21,Rabi,North,Low,Barley
Black,22.94,55.71,91.39,7.71,Kharif,Central,Low,Cotton
Sandy,10.84,40.36,41.25,7.02,Rabi,West,Medium,Barley
Black,21.43,64.86,89.17,6.08,Kharif,West,Medium,Soybean
Sandy,24.83,53.45,55.82,6.68,Kharif,West,Low,Groundnut
Loamy,21.9,51.35,63.81,7.97,Kharif,West,Low,Cotton
Clay,23.16,47.0,57.52,6.17,Rabi,West,Low,Wheat
Clay,26.32,79.74,100.81,6.52,Zaid,East,High,Sugarcane
Loamy,10.43,49.94,53.18,6.69,Rabi,North,Medium,Barley
Sandy,28.87,50.43,82.13,5.72,Kharif,West,Low,Millet
Loamy,27.85,72.02,181.35,7.2,Kharif,East,High,Sugarcane
Loamy,28.58,78.37,288.4,6.21,Kharif,East,Medium,Rice
Loamy,24.56,64.16,73.65,6.65,Kharif,Central,Medium,Soybean
Red,27.51,53.74,38.21,6.87,Kharif,South,Low,Millet
Loamy,19.83,61.46,61.76,6.22,Rabi,North,Low,Wheat
Sandy,28.07,42.96,31.87,6.74,Kharif,West,Low,Millet
Loamy,22.89,67.81,121.38,6.04,Kharif,North,High,Sugarcane
Black,33.25,48.84,96.6,6.13,Kharif,Central,Medium,Cotton
Loamy,26.26,73.81,149.14,6.99,Zaid,South,High,Sugarcane
Loamy,23.93,68.27,132.91,7.46,Kharif,East,High,Sugarcane
Loamy,23.48,80.17,236.56,5.85,Kharif,East,High,Rice
Sandy,25.37,49.67,69.68,6.32,Kharif,South,Low,Groundnut
Red,28.0,53.11,67.9,5.88,Kharif,West,Low,Millet
Loamy,15.5,47.63,64.47,7.11,Rabi,North,Medium,Barley
Clay,28.26,63.66,189.75,6.64,Zaid,South,High,Sugarcane
Loamy,23.59,36.7,42.86,6.95,Rabi,North,Low,Mustard
Sandy,33.85,39.75,83.07,7.03,Kharif,West,Low,Millet
Sandy,13.84,46.44,28.43,6.49,Rabi,West,Low,Mustard
Sandy,32.24,51.7,85.22,6.32,Kharif,South,Low,Millet
Clay,16.45,53.5,106.85,6.76,Rabi,North,Low,Wheat
Black,29.51,71.35,144.23,6.9,Kharif,West,Medium,Soybean
Sandy,22.08,51.78,98.02,7.01,Zaid,North,Medium,Maize
Clay,28.44,86.46,242.08,5.41,Kharif,North,High,Rice
Loamy,26.7,73.79,198.19,5.86,Kharif,South,High,Rice
Sandy,22.59,74.5,130.68,6.1,Kharif,Central,Medium,Maize
Red,27.61,55.09,108.11,6.5,Zaid,South,Medium,Groundnut
Sandy,18.95,55.4,76.21,6.05,Rabi,North,Low,Barley
Loamy,13.19,38.6,67.97,7.08,Rabi,North,Low,Mustard
Loamy,14.12,48.51,107.62,6.6,Rabi,Central,Low,Wheat
Clay,27.09,65.58,213.3,6.49,Zaid,North,High,Sugarcane
Clay,22.22,86.53,305.46,5.25,Kharif,East,Medium,Rice
Red,23.33,57.02,95.54,7.19,Kharif,South,Low,Groundnut
Loamy,17.37,54.92,77.55,6.38,Rabi,North,Medium,Barley
Loamy,24.94,78.01,169.48,6.88,Kharif,North,High,Sugarcane
Clay,22.84,67.94,109.95,6.29,Kharif,East,High,Sugarcane
Red,29.12,44.68,86.47,6.15,Kharif,West,Low,Millet
Red,31.54,64.91,72.26,7.06,Kharif,South,Low,Groundnut
Clay,20.49,61.6,118.31,7.26,Rabi,Central,Medium,Wheat
Clay,29.83,71.65,248.13,5.88,Kharif,South,Medium,Rice
Loamy,27.12,55.77,132.46,6.5,Kharif,North,Medium,Maize
Loamy,29.96,81.46,122.06,6.0,Zaid,North,High,Sugarcane
Clay,27.94,72.92,295.45,5.56,Kharif,North,High,Rice
Clay,31.17,82.62,204.85,5.61,Kharif,South,High,Rice
Sandy,23.93,57.51,98.18,6.22,Zaid,North,Medium,Maize
Loamy,27.14,87.15,244.79,5.69,Kharif,North,Medium,Rice
Sandy,11.79,51.68,42.25,7.65,Rabi,North,Medium,Barley
Clay,15.09,60.05,85.29,7.13,Rabi,Central,Medium,Wheat
Clay,30.87,73.75,191.87,5.62,Kharif,East,High,Rice
Loamy,18.21,43.63,40.7,6.67,Rabi,North,Low,Barley
Clay,31.48,66.42,189.43,6.13,Kharif,North,High,Sugarcane
Loamy,24.95,79.17,241.92,5.54,Kharif,North,Medium,Rice
Sandy,26.76,43.67,68.29,6.19,Kharif,Central,Low,Millet
Loamy,29.12,70.99,80.66,7.12,Kharif,Central,Medium,Soybean
Clay,25.74,78.52,271.27,6.56,Kharif,East,High,Rice
Sandy,19.63,42.39,51.0,6.88,Rabi,West,Low,Mustard
Black,26.62,58.23,50.06,6.16,Kharif,West,Medium,Cotton
Sandy,31.6,61.41,86.11,7.12,Zaid,South,Low,Groundnut
Black,23.55,58.27,88.12,7.23,Kharif,West,Medium,Soybean
Sandy,19.65,48.75,75.31,6.16,Rabi,North,Low,Barley
Black,28.88,67.05,90.01,6.84,Kharif,Central,Medium,Cotton
Clay,21.43,62.14,137.35,6.02,Zaid,South,High,Sugarcane
Black,27.49,45.77,87.06,7.29,Kharif,West,Low,Cotton
Sandy,16.74,46.41,68.89,7.68,Rabi,West,Low,Mustard
Sandy,31.91,50.22,89.89,7.27,Kharif,West,Low,Groundnut
Sandy,11.19,54.14,48.42,6.63,Rabi,North,Low,Mustard
Clay,24.02,83.9,300.5,5.24,Kharif,North,Medium,Rice
Clay,30.37,79.88,196.22,5.13,Kharif,East,Medium,Rice
Loamy,29.23,70.07,118.5,6.95,Kharif,East,High,Sugarcane
Loamy,12.28,53.0,111.26,6.92,Rabi,Central,Medium,Wheat
Loamy,20.89,59.02,74.11,6.43,Zaid,South,Medium,Maize
Loamy,20.63,61.6,135.41,6.97,Kharif,North,Medium,Maize
Loamy,34.15,61.52,75.9,7.45,Kharif,West,Medium,Cotton
Sandy,28.67,41.87,55.74,6.29,Kharif,South,Low,Millet
Loamy,33.65,66.38,186.97,7.43,Zaid,South,High,Sugarcane
Loamy,13.55,48.05,94.26,6.59,Rabi,West,Medium,Wheat
Loamy,30.67,72.28,282.54,5.79,Kharif,North,Medium,Rice
Red,26.03,37.69,56.26,6.63,Kharif,Central,Low,Millet
Sandy,13.62,40.82,55.73,7.76,Rabi,West,Medium,Barley
Clay,14.12,53.47,88.65,6.75,Rabi,Central,Medium,Wheat
Sandy,28.4,46.96,61.49,7.05,Kharif,South,Low,Millet
Clay,25.74,80.48,194.23,6.5,Kharif,East,High,Rice
Black,34.71,47.45,99.75,7.11,Kharif,South,Medium,Cotton
Black,29.04,71.79,74.61,6.92,Kharif,Central,Medium,Soybean
Black,29.82,68.53,138.06,7.13,Kharif,Central,Medium,Soybean
Sandy,15.22,48.31,52.5,7.08,Rabi,West,Low,Barley
Loamy,23.37,70.5,125.35,6.23,Zaid,East,High,Sugarcane
Clay,15.83,59.52,82.28,6.99,Rabi,West,Low,Wheat
Clay,28.83,74.57,226.3,6.67,Kharif,South,High,Rice
Sandy,26.71,50.3,84.07,6.63,Kharif,South,Low,Millet
Clay,23.55,84.69,207.03,5.49,Kharif,North,High,Rice
Sandy,25.42,46.33,69.07,6.37,Zaid,West,Low,Groundnut
Loamy,30.5,76.81,249.83,5.96,Kharif,South,High,Rice
Loamy,30.15,62.75,92.97,7.73,Kharif,West,Low,Cotton
Clay,33.32,70.96,134.42,6.23,Zaid,North,High,Sugarcane
Loamy,31.64,59.37,101.78,6.44,Kharif,Central,Low,Cotton
Loamy,15.03,50.9,103.54,7.32,Rabi,Central,Low,Wheat
Clay,18.27,49.29,59.77,6.28,Rabi,West,Medium,Wheat
Sandy,22.74,69.67,133.05,5.99,Zaid,Central,Medium,Maize
Black,29.75,58.44,86.37,6.02,Kharif,Central,Medium,Cotton
Sandy,15.27,43.61,77.83,6.31,Rabi,West,Medium,Barley
Sandy,27.23,68.34,62.57,6.64,Kharif,Central,Medium,Maize
Loamy,22.11,74.18,253.51,5.29,Kharif,North,High,Rice
Sandy,15.34,51.79,66.65,7.38,Rabi,West,Low,Barley
Sandy,10.95,49.78,43.77,7.36,Rabi,West,Medium,Barley
Clay,30.44,82.75,270.88,6.21,Kharif,East,Medium,Rice
Black,31.47,46.8,85.53,7.46,Kharif,West,Low,Cotton
Sandy,27.83,54.29,108.63,6.77,Kharif,West,Low,Groundnut
Red,31.5,53.49,97.28,6.25,Zaid,West,Low,Groundnut
Loamy,21.47,45.58,87.96,7.78,Rabi,North,Low,Barley
Sandy,21.18,51.17,79.3,6.67,Rabi,Central,Low,Mustard
Sandy,27.39,55.27,133.39,7.2,Zaid,North,Medium,Maize
Sandy,31.69,58.16,106.19,6.73,Kharif,South,Low,Groundnut
Red,28.11,61.8,58.16,6.29,Zaid,West,Low,Groundnut
Loamy,24.38,57.86,121.92,7.03,Zaid,Central,Medium,Maize
Clay,15.85,51.91,76.5,6.14,Rabi,North,Medium,Wheat
Red,23.62,59.45,55.33,7.04,Zaid,South,Medium,Groundnut
Sandy,27.61,56.75,85.02,6.48,Kharif,West,Low,Millet
Loamy,28.52,63.19,119.58,7.14,Kharif,Central,Medium,Maize
Clay,28.22,87.16,180.63,5.93,Kharif,East,Medium,Rice
Sandy,30.18,54.13,66.77,6.51,Zaid,South,Low,Groundnut
Loamy,28.04,77.11,107.3,6.28,Zaid,North,High,Sugarcane
Loamy,13.16,63.95,78.35,7.21,Rabi,West,Low,Wheat
Sandy,20.85,49.29,64.34,7.6,Rabi,Central,Low,Mustard
Black,28.81,57.86,102.97,7.12,Kharif,West,Medium,Soybean
Loamy,23.22,81.77,276.05,5.02,Kharif,East,High,Rice
Clay,22.15,86.54,299.92,5.67,Kharif,North,Medium,Rice
Sandy,20.89,41.91,75.6,7.46,Rabi,North,Medium,Barley
Loamy,27.19,76.32,288.08,6.19,Kharif,South,High,Rice
Black,29.15,63.27,115.96,6.71,Kharif,West,Medium,Soybean
Black,31.28,65.69,85.61,7.1,Kharif,West,Medium,Cotton
Black,29.16,59.63,89.44,7.38,Kharif,West,Low,Cotton
Sandy,21.97,47.01,40.61,6.25,Rabi,West,Low,Barley
Black,28.79,71.29,134.94,6.69,Kharif,West,Medium,Soybean
Sandy,25.52,51.4,38.2,7.05,Kharif,West,Low,Millet
Sandy,26.53,55.77,39.55,7.46,Kharif,South,Low,Millet
Clay,28.06,86.03,213.4,6.53,Kharif,East,High,Rice
Clay,25.01,81.56,277.97,6.17,Kharif,North,High,Rice
Black,21.24,73.01,138.33,6.08,Kharif,Central,Medium,Soybean
Clay,29.1,73.46,192.84,5.33,Kharif,North,High,Rice
Black,24.26,65.92,58.75,6.3,Kharif,Central,Low,Cotton
Clay,26.65,75.96,161.79,7.53,Zaid,North,High,Sugarcane
Sandy,21.87,43.4,52.98,6.6,Rabi,Central,Low,Mustard
Loamy,21.78,67.92,85.35,6.1,Kharif,West,Medium,Soybean
Loamy,28.77,59.91,97.54,7.46,Kharif,West,Medium,Cotton
Clay,23.15,68.25,156.51,6.86,Zaid,East,High,Sugarcane
Sandy,12.41,55.21,65.95,7.31,Rabi,West,Low,Barley
Loamy,21.56,71.47,129.51,7.42,Kharif,Central,Medium,Soybean
Sandy,20.28,72.46,80.26,6.91,Kharif,South,Medium,Maize
Sandy,25.86,45.47,99.1,6.31,Zaid,West,Low,Groundnut
Loamy,15.78,50.06,44.5,7.33,Rabi,West,Low,Barley
Sandy,26.06,46.98,80.56,7.02,Kharif,West,Low,Millet
Clay,29.69,87.04,250.67,6.64,Kharif,South,High,Rice
Loamy,20.46,62.9,104.65,6.59,Kharif,South,High,Sugarcane
Sandy,33.37,36.16,61.49,6.73,Kharif,West,Low,Millet
Sandy,24.97,46.85,43.04,5.63,Kharif,Central,Low,Millet
Loamy,23.73,58.47,116.72,6.63,Kharif,West,Medium,Soybean
Loamy,30.01,81.87,289.57,6.43,Kharif,North,Medium,Rice
Loamy,20.89,68.79,85.11,6.05,Kharif,North,Medium,Maize
Sandy,25.2,52.38,53.63,7.5,Kharif,South,Low,Millet
Clay,16.71,63.48,90.53,6.01,Rabi,Central,Low,Wheat
Loamy,17.71,63.71,54.16,6.32,Rabi,West,Low,Wheat
Loamy,20.7,59.16,101.7,6.48,Rabi,North,Low,Wheat
Loamy,17.18,41.71,37.92,6.02,Rabi,North,Low,Mustard
Loamy,23.43,71.07,85.91,6.46,Kharif,Central,Medium,Maize
Loamy,26.01,87.91,274.03,5.43,Kharif,East,High,Rice
Red,28.18,50.15,108.43,6.6,Kharif,West,Low,Groundnut
Loamy,19.82,62.43,94.4,6.64,Rabi,North,Medium,Wheat
Loamy,19.9,52.58,51.24,6.96,Rabi,West,Low,Mustard
Clay,24.0,70.15,290.17,6.2,Kharif,South,Medium,Rice
Black,27.25,66.6,93.4,6.94,Kharif,West,Medium,Cotton
Loamy,17.44,46.22,60.0,6.27,Rabi,West,Medium,Barley
Clay,15.73,48.79,70.02,7.45,Rabi,North,Medium,Wheat
Clay,21.0,71.93,140.64,6.41,Kharif,North,High,Sugarcane
Sandy,28.75,60.86,121.35,7.11,Zaid,North,Medium,Maize
Sandy,32.83,38.16,37.47,6.33,Kharif,South,Low,Millet
Red,27.45,61.98,63.51,6.04,Kharif,South,Low,Groundnut
Loamy,26.23,56.15,74.58,6.2,Kharif,West,Low,Cotton
Loamy,29.95,62.26,50.99,7.91,Kharif,South,Low,Cotton
Sandy,11.67,49.87,72.59,6.17,Rabi,West,Low,Barley
Sandy,15.72,35.55,26.48,7.0,Rabi,Central,Low,Mustard
Clay,12.94,45.6,74.25,6.03,Rabi,North,Low,Wheat
Loamy,33.18,62.46,90.45,6.96,Kharif,South,Low,Cotton
Black,25.69,60.89,109.16,6.92,Kharif,West,Medium,Soybean
Loamy,13.91,41.5,33.96,7.19,Rabi,West,Low,Mustard
Sandy,12.32,46.3,85.12,7.59,Rabi,North,Medium,Barley
Black,28.6,53.01,67.01,7.06,Kharif,Central,Medium,Cotton
Clay,15.86,57.16,82.55,6.6,Rabi,West,Low,Wheat
Loamy,14.2,43.05,58.99,6.56,Rabi,West,Low,Mustard
Loamy,24.06,71.0,182.27,6.07,Zaid,East,High,Sugarcane
Sandy,11.31,42.83,27.5,6.6,Rabi,North,Low,Mustard
Sandy,28.03,53.66,37.45,6.16,Kharif,South,Low,Millet
Loamy,25.5,74.66,124.88,6.16,Kharif,West,Medium,Soybean
Loamy,17.91,59.58,77.24,6.24,Rabi,North,Low,Barley
Loamy,21.71,50.43,46.06,6.31,Rabi,North,Low,Mustard
Clay,28.7,78.74,296.57,6.26,Kharif,East,High,Rice
Sandy,22.17,36.08,25.07,6.95,Rabi,West,Low,Mustard
Loamy,28.06,69.0,173.3,6.53,Kharif,South,High,Sugarcane
Loamy,28.26,69.31,80.26,6.29,Kharif,Central,Medium,Soybean
Loamy,26.88,51.88,118.38,7.2,Zaid,South,Medium,Maize
Sandy,33.4,52.59,51.32,6.69,Kharif,West,Low,Millet
Loamy,20.67,61.02,119.43,5.97,Zaid,Central,Medium,Maize
Loamy,15.75,47.97,78.69,6.99,Rabi,Central,Low,Mustard
Black,27.05,71.61,75.0,7.13,Kharif,West,Medium,Soybean
Loamy,28.69,62.23,113.93,6.77,Kharif,West,Medium,Soybean
Loamy,20.46,54.66,81.95,6.58,Rabi,Central,Medium,Wheat
Black,22.4,62.88,122.45,7.25,Kharif,West,Medium,Soybean
Loamy,24.56,53.67,86.9,7.48,Kharif,North,Medium,Maize
Loamy,17.91,48.92,42.44,6.86,Rabi,West,Low,Mustard
Loamy,16.4,50.5,82.52,7.99,Rabi,North,Medium,Barley
Loamy,17.45,57.07,118.93,6.54,Rabi,Central,Low,Wheat
Loamy,22.52,48.17,58.79,7.96,Kharif,South,Low,Cotton
Loamy,29.11,69.89,144.55,6.7,Kharif,Central,Medium,Soybean
Red,27.23,40.95,56.55,6.77,Kharif,West,Low,Millet
Black,21.06,65.69,138.45,7.12,Kharif,West,Medium,Soybean
Loamy,13.96,35.39,33.84,6.04,Rabi,Central,Low,Mustard
Loamy,23.77,64.13,55.82,7.78,Kharif,West,Low,Cotton
Loamy,21.1,49.03,90.45,5.93,Kharif,West,Low,Cotton
Black,23.03,61.66,123.63,6.22,Kharif,West,Medium,Soybean
Loamy,16.29,50.3,92.73,6.31,Rabi,North,Low,Wheat
Red,28.93,56.57,70.09,7.02,Kharif,West,Low,Millet
Loamy,22.23,60.09,107.39,6.79,Rabi,North,Medium,Wheat
Red,25.27,56.59,102.65,7.16,Zaid,South,Low,Groundnut
Red,23.6,59.64,56.34,7.3,Kharif,South,Low,Groundnut
Loamy,18.47,61.38,56.49,6.59,Rabi,Central,Low,Wheat
Clay,24.02,72.5,250.63,6.34,Kharif,South,Medium,Rice
Loamy,22.77,62.61,87.53,6.93,Rabi,North,Medium,Wheat
Loamy,22.21,42.07,50.35,6.7,Rabi,North,Low,Mustard
Loamy,28.4,62.31,165.11,7.35,Zaid,South,High,Sugarcane
Black,23.33,60.41,115.39,6.69,Kharif,Central,Medium,Soybean
Red,34.07,45.15,54.3,6.92,Kharif,South,Low,Millet
Sandy,24.9,45.63,100.76,6.05,Kharif,South,Medium,Groundnut
Clay,23.12,77.69,188.47,6.26,Kharif,South,High,Rice
Black,21.8,63.41,75.69,6.17,Kharif,Central,Medium,Soybean
Sandy,20.36,56.55,110.16,6.28,Kharif,North,Medium,Maize
Black,25.37,64.36,96.17,6.17,Kharif,Central,Medium,Soybean
Loamy,26.4,65.9,54.51,7.43,Kharif,West,Low,Cotton
Sandy,23.06,55.04,61.54,6.95,Kharif,West,Low,Groundnut
Black,21.68,63.85,71.28,7.23,Kharif,Central,Low,Cotton
Sandy,25.85,46.78,51.19,6.73,Kharif,West,Low,Millet
Sandy,28.72,50.28,74.29,7.31,Kharif,South,Medium,Maize
Loamy,22.54,59.63,87.12,6.16,Kharif,North,Medium,Maize
Clay,26.39,87.17,277.63,5.17,Kharif,North,Medium,Rice
Sandy,22.54,71.29,79.34,6.74,Zaid,South,Medium,Maize
Loamy,16.55,48.8,44.63,6.12,Rabi,North,Low,Mustard
Black,31.82,51.78,79.66,6.23,Kharif,South,Low,Cotton
Red,22.47,56.78,84.52,7.18,Zaid,South,Low,Groundnut
Clay,25.66,76.55,233.12,6.23,Kharif,East,High,Rice
Clay,30.05,74.18,159.59,7.46,Zaid,East,High,Sugarcane
Red,31.89,58.39,81.51,6.78,Zaid,West,Low,Groundnut
Sandy,24.25,48.26,83.7,6.64,Kharif,South,Low,Millet
Loamy,26.91,57.65,79.13,7.16,Kharif,West,Medium,Soybean
Clay,22.22,62.49,73.75,6.8,Rabi,Central,Low,Wheat
Black,23.0,49.83,72.4,7.88,Kharif,West,Medium,Cotton
Loamy,29.52,80.82,219.84,6.61,Kharif,South,High,Rice
Red,32.16,40.95,88.84,5.96,Kharif,West,Low,Millet
Black,24.42,66.36,52.07,7.36,Kharif,West,Low,Cotton
Loamy,14.15,58.46,50.37,7.12,Rabi,North,Medium,Barley
Clay,26.31,82.52,230.49,5.92,Kharif,South,Medium,Rice
Sandy,23.28,42.22,61.19,6.7,Rabi,North,Low,Mustard
Loamy,19.67,45.05,119.54,6.42,Rabi,Central,Medium,Wheat
Sandy,26.69,52.4,65.07,6.54,Kharif,Central,Low,Millet
Loamy,12.42,51.02,42.94,7.48,Rabi,North,Low,Barley
Sandy,28.32,66.21,93.62,5.88,Kharif,Central,Medium,Maize
Loamy,12.43,55.69,119.55,7.44,Rabi,West,Medium,Wheat
Loamy,27.53,88.72,289.24,5.86,Kharif,East,High,Rice
Loamy,10.17,40.04,65.53,6.61,Rabi,West,Low,Barley
Loamy,26.33,70.72,314.37,5.19,Kharif,East,High,Rice
Sandy,21.29,56.37,70.8,7.39,Kharif,South,Medium,Maize
Sandy,24.44,57.95,54.41,6.16,Kharif,Central,Low,Millet
Loamy,28.92,57.38,105.51,6.08,Zaid,South,Medium,Maize
Sandy,13.82,41.43,53.35,6.98,Rabi,West,Low,Mustard
Loamy,24.45,66.82,98.83,6.43,Kharif,West,Medium,Soybean
Black,31.96,50.16,61.2,6.89,Kharif,Central,Medium,Cotton
Red,32.63,48.87,48.43,6.72,Kharif,West,Low,Millet
Sandy,25.81,52.9,130.81,6.48,Zaid,North,Medium,Maize
Black,26.74,49.2,94.45,7.53,Kharif,West,Medium,Cotton
Sandy,22.58,50.9,36.45,7.14,Rabi,Central,Low,Mustard
Sandy,24.99,74.84,139.22,6.55,Kharif,South,Medium,Maize
Black,23.44,64.1,79.78,7.82,Kharif,Central,Medium,Cotton
Loamy,17.78,64.19,95.68,6.74,Rabi,North,Low,Wheat
Clay,28.72,75.62,272.32,6.31,Kharif,East,Medium,Rice
Loamy,21.64,64.67,75.98,6.76,Kharif,South,Low,Cotton
Clay,15.06,57.51,72.43,7.46,Rabi,West,Medium,Wheat
Sandy,27.79,49.76,60.4,5.8,Kharif,West,Low,Millet
Sandy,15.24,48.07,40.42,7.07,Rabi,Central,Low,Mustard
Loamy,19.04,48.33,65.69,7.35,Rabi,Central,Low,Mustard
Clay,15.55,52.43,78.34,7.14,Rabi,North,Low,Wheat
Red,29.6,40.04,36.18,7.14,Kharif,Central,Low,Millet
Clay,26.78,79.48,135.11,7.45,Kharif,North,High,Sugarcane
Loamy,14.94,48.23,115.8,7.33,Rabi,North,Low,Wheat
Loamy,26.32,55.78,98.9,6.51,Kharif,South,Low,Cotton
Red,23.17,50.75,88.47,7.09,Zaid,South,Low,Groundnut
Loamy,15.89,48.14,58.67,7.33,Rabi,Central,Low,Mustard
Loamy,28.46,54.7,98.74,7.36,Kharif,West,Medium,Cotton
Loamy,29.81,72.21,319.58,6.58,Kharif,North,High,Rice
Sandy,28.38,64.09,93.62,6.74,Kharif,West,Medium,Groundnut
Clay,26.77,70.98,113.45,6.93,Kharif,North,High,Sugarcane
Loamy,16.23,49.59,79.92,7.82,Rabi,North,Medium,Barley
Clay,28.44,77.36,143.86,6.29,Zaid,North,High,Sugarcane
Sandy,28.92,43.15,46.28,6.8,Kharif,West,Low,Millet
Clay,17.41,56.36,82.33,6.99,Rabi,North,Medium,Wheat
Sandy,17.96,49.6,85.26,7.02,Rabi,West,Low,Barley
Loamy,14.63,49.17,102.6,6.18,Rabi,West,Low,Wheat
Loamy,14.92,46.98,102.75,7.32,Rabi,Central,Medium,Wheat
Clay,22.66,79.1,252.25,5.56,Kharif,East,High,Rice
Loamy,24.4,71.71,118.45,6.1,Kharif,Central,Medium,Soybean
Black,20.31,74.2,81.82,6.53,Kharif,Central,Medium,Soybean
Sandy,26.98,56.18,61.16,6.22,Zaid,West,Medium,Groundnut
Clay,12.48,53.99,112.47,7.12,Rabi,North,Low,Wheat
Loamy,22.25,81.1,268.76,5.19,Kharif,North,High,Rice
Loamy,28.81,83.39,195.78,7.02,Zaid,East,High,Sugarcane
Loamy,24.78,84.06,268.73,6.77,Kharif,East,Medium,Rice
Clay,28.94,81.62,207.97,6.45,Kharif,South,High,Rice
Loamy,22.7,73.54,115.47,7.24,Kharif,East,High,Sugarcane
Red,28.69,61.76,83.95,6.96,Kharif,South,Low,Groundnut
Red,29.83,46.6,51.35,6.17,Zaid,South,Low,Groundnut
Loamy,14.01,51.58,32.94,7.16,Rabi,West,Low,Mustard
Black,28.92,47.65,63.55,7.65,Kharif,Central,Medium,Cotton
Black,29.68,62.42,101.54,6.07,Kharif,South,Medium,Cotton
Loamy,25.47,81.82,183.19,6.73,Kharif,South,High,Rice
Sandy,21.55,52.94,70.29,6.33,Rabi,West,Low,Mustard
Loamy,22.89,57.39,82.4,6.25,Kharif,West,Medium,Soybean
Clay,23.48,88.72,241.31,5.69,Kharif,East,High,Rice
Sandy,29.59,53.68,106.81,6.8,Kharif,West,Low,Groundnut
Loamy,22.97,63.05,82.37,5.56,Kharif,Central,Medium,Maize
Loamy,24.64,48.38,57.02,6.03,Kharif,West,Low,Cotton
Red,27.37,35.87,46.87,6.82,Kharif,West,Low,Millet
Sandy,27.57,49.68,87.38,7.47,Zaid,South,Low,Groundnut
Sandy,29.91,58.54,73.03,6.54,Zaid,South,Medium,Maize
Loamy,14.55,56.43,62.12,7.51,Rabi,West,Medium,Barley
Loamy,12.13,57.63,50.49,6.18,Rabi,West,Medium,Barley
Red,27.48,52.1,93.37,6.57,Kharif,South,Low,Groundnut
Loamy,32.47,57.47,52.03,7.3,Kharif,West,Low,Cotton
Clay,23.39,51.96,56.34,6.34,Rabi,Central,Medium,Wheat
Clay,30.97,70.58,213.72,5.26,Kharif,North,Medium,Rice
Loamy,13.24,62.32,91.25,6.54,Rabi,North,Low,Wheat
Black,28.55,57.03,84.29,5.91,Kharif,West,Medium,Cotton
Sandy,19.82,58.8,105.26,6.33,Kharif,Central,Medium,Maize
Loamy,23.12,67.83,119.17,6.02,Kharif,Central,Medium,Soybean
Loamy,14.49,50.06,52.1,6.18,Rabi,West,Medium,Wheat
Clay,31.09,83.99,217.22,6.74,Kharif,North,High,Rice
Red,23.37,53.71,103.5,6.05,Zaid,South,Low,Groundnut
Loamy,12.64,46.53,46.78,6.17,Rabi,West,Low,Mustard
Sandy,21.23,58.02,103.78,6.62,Kharif,South,Medium,Maize
Red,29.37,38.74,51.0,6.93,Kharif,West,Low,Millet
Sandy,26.6,47.52,62.43,6.6,Kharif,West,Low,Millet
Clay,29.94,77.6,198.38,6.87,Kharif,South,High,Sugarcane
Loamy,22.95,84.51,191.83,6.68,Kharif,North,High,Rice
Red,23.28,64.52,62.1,6.2,Kharif,West,Medium,Groundnut
Loamy,19.57,51.95,96.38,7.01,Rabi,Central,Low,Wheat
Sandy,23.4,56.06,61.87,7.27,Zaid,South,Medium,Groundnut
Red,34.97,57.91,65.12,7.43,Kharif,West,Low,Millet
Loamy,20.7,58.91,131.55,7.34,Kharif,Central,Medium,Soybean
Loamy,12.04,39.65,64.13,6.28,Rabi,Central,Low,Mustard
Loamy,15.7,47.55,88.52,7.06,Rabi,North,Medium,Wheat
Black,20.31,67.92,128.75,7.01,Kharif,West,Medium,Soybean
Loamy,29.6,81.02,192.22,7.13,Kharif,North,High,Sugarcane
Loamy,22.73,70.26,90.23,6.56,Kharif,North,Medium,Maize
Sandy,24.65,35.11,64.5,6.44,Rabi,North,Low,Mustard
Clay,25.1,85.55,316.06,5.9,Kharif,East,High,Rice
Sandy,21.1,49.61,52.99,6.48,Rabi,North,Low,Barley
Red,28.43,61.64,78.55,7.23,Kharif,South,Low,Groundnut
Clay,31.42,64.41,106.22,7.36,Kharif,North,High,Sugarcane
Black,25.46,56.51,123.44,6.46,Kharif,West,Medium,Soybean
Loamy,17.76,35.87,60.67,7.01,Rabi,West,Low,Mustard
Black,31.51,52.32,103.36,7.48,Kharif,South,Low,Cotton
Black,27.03,55.2,120.09,6.18,Kharif,West,Medium,Soybean
Loamy,32.99,84.01,115.35,6.63,Zaid,South,High,Sugarcane
Sandy,21.6,54.07,48.08,7.17,Rabi,West,Low,Barley
Clay,13.55,50.5,59.71,6.43,Rabi,North,Low,Wheat
Sandy,29.57,47.17,66.05,6.37,Kharif,West,Low,Millet
Black,29.99,56.57,75.19,6.06,Kharif,South,Medium,Cotton
Sandy,29.54,58.05,60.44,6.38,Kharif,Central,Low,Millet
Loamy,22.71,60.63,130.35,6.04,Zaid,Central,Medium,Maize
Clay,30.56,81.3,199.88,7.31,Kharif,East,High,Sugarcane
Sandy,11.53,53.99,64.22,7.84,Rabi,West,Medium,Barley
Sandy,14.71,43.37,58.17,7.72,Rabi,North,Low,Mustard
Sandy,12.21,49.91,47.62,6.32,Rabi,West,Low,Barley
Loamy,21.9,63.04,94.49,6.7,Zaid,Central,Medium,Maize
Sandy,19.09,60.59,134.41,6.5,Zaid,Central,Medium,Maize
Sandy,24.09,68.09,129.55,6.76,Zaid,Central,Medium,Maize
Loamy,23.06,89.98,273.2,6.17,Kharif,North,Medium,Rice
Sandy,15.74,48.8,37.64,7.17,Rabi,Central,Low,Mustard
Loamy,20.09,69.94,94.19,6.84,Kharif,Central,Medium,Soybean
Loamy,31.14,65.93,54.85,7.74,Kharif,West,Medium,Cotton
Loamy,11.7,47.32,42.43,6.06,Rabi,North,Medium,Barley
Loamy,23.23,62.08,72.56,6.82,Rabi,Central,Medium,Wheat
Loamy,13.42,54.87,31.36,7.72,Rabi,West,Low,Mustard
Clay,23.76,63.46,183.84,7.75,Kharif,South,High,Sugarcane
Loamy,27.55,86.04,309.46,6.48,Kharif,East,High,Rice
Loamy,21.59,50.99,118.28,5.59,Zaid,North,Medium,Maize
Loamy,20.87,60.64,171.95,6.13,Kharif,East,High,Sugarcane
Sandy,28.78,43.05,65.52,5.55,Kharif,Central,Low,Millet
Clay,31.22,75.11,201.62,6.73,Zaid,North,High,Sugarcane
Loamy,14.81,47.58,75.21,6.64,Rabi,North,Low,Mustard
Loamy,29.02,82.96,271.34,5.57,Kharif,East,Medium,Rice
Sandy,34.08,46.37,34.98,6.66,Kharif,South,Low,Millet
Black,25.19,73.15,122.77,6.59,Kharif,West,Medium,Soybean
Sandy,22.4,45.93,26.23,7.01,Rabi,Central,Low,Mustard
Loamy,10.4,47.66,63.72,6.51,Rabi,North,Low,Barley
Black,22.3,66.11,60.5,7.48,Kharif,South,Low,Cotton
Loamy,21.56,64.95,94.83,7.04,Kharif,Central,Medium,Soybean
Loamy,21.96,37.33,56.58,6.34,Rabi,Central,Low,Mustard
Loamy,26.88,74.27,142.64,6.86,Kharif,Central,Medium,Soybean
Loamy,25.39,71.55,96.92,7.0,Kharif,West,Medium,Soybean
Loamy,26.71,81.3,287.1,6.14,Kharif,South,Medium,Rice
Sandy,29.64,69.62,137.41,7.18,Kharif,North,Medium,Maize
Loamy,28.9,69.79,96.87,5.66,Zaid,Central,Medium,Maize
Loamy,31.96,60.37,79.73,7.16,Kharif,West,Medium,Cotton
Loamy,31.66,81.92,310.62,6.45,Kharif,South,High,Rice
Red,33.34,43.27,41.71,6.03,Kharif,Central,Low,Millet
Loamy,18.63,46.94,109.21,6.93,Rabi,West,Low,Wheat
Loamy,21.51,74.3,116.65,6.72,Kharif,North,Medium,Maize
Clay,28.46,84.66,180.64,7.28,Kharif,South,High,Sugarcane
Sandy,17.73,57.67,51.77,6.99,Rabi,West,Medium,Barley
Clay,14.03,63.73,63.15,6.16,Rabi,West,Medium,Wheat
Black,26.13,68.36,143.12,6.57,Kharif,West,Medium,Soybean
Loamy,31.13,46.66,101.75,7.64,Kharif,West,Medium,Cotton
Loamy,29.08,79.46,149.83,6.49,Zaid,North,High,Sugarcane
Red,27.79,60.85,65.77,6.18,Zaid,West,Medium,Groundnut
Red,29.13,49.5,94.33,7.07,Zaid,West,Low,Groundnut
Black,28.69,59.08,78.37,7.24,Kharif,West,Medium,Cotton
Sandy,10.1,54.11,72.76,6.52,Rabi,West,Low,Mustard
Loamy,26.15,78.35,204.11,7.37,Zaid,East,High,Sugarcane
Clay,23.1,68.12,102.79,6.28,Kharif,South,High,Sugarcane
Red,33.45,41.07,51.65,6.93,Kharif,West,Low,Millet
Red,30.41,57.5,76.97,6.59,Zaid,South,Low,Groundnut
Red,25.23,38.31,34.65,7.25,Kharif,West,Low,Millet
Sandy,21.06,36.9,57.72,7.18,Rabi,Central,Low,Mustard
Clay,22.65,52.89,72.34,6.91,Rabi,West,Low,Wheat
Sandy,26.43,47.66,83.33,7.08,Kharif,Central,Low,Millet
Black,25.81,71.32,138.9,7.23,Kharif,Central,Medium,Soybean
Clay,13.52,60.92,88.2,6.82,Rabi,Central,Low,Wheat
Black,22.23,70.7,146.79,6.74,Kharif,Central,Medium,Soybean
Loamy,29.29,54.18,110.13,6.15,Kharif,South,Medium,Maize
Sandy,20.69,50.31,30.22,7.53,Rabi,West,Low,Mustard
Loamy,23.67,70.45,192.61,6.3,Kharif,North,High,Rice
Black,32.57,62.1,88.59,7.23,Kharif,South,Medium,Cotton
Sandy,19.84,56.16,127.37,6.16,Kharif,Central,Medium,Maize
Loamy,20.47,52.06,48.82,7.11,Rabi,North,Low,Barley
Loamy,27.29,68.5,198.61,6.28,Kharif,North,High,Sugarcane
Sandy,26.94,48.34,81.89,6.91,Kharif,South,Low,Groundnut
Sandy,14.49,41.43,71.98,7.61,Rabi,Central,Low,Mustard
Black,25.74,69.95,83.96,7.4,Kharif,Central,Medium,Soybean
Red,30.55,54.58,69.34,6.88,Kharif,South,Low,Millet
Loamy,22.73,57.93,62.04,7.34,Rabi,North,Medium,Wheat
Loamy,23.05,51.83,53.51,6.51,Rabi,North,Low,Wheat
Black,20.58,66.96,104.33,7.06,Kharif,West,Medium,Soybean
Clay,26.48,77.85,191.21,6.36,Kharif,East,High,Rice
Loamy,14.77,52.46,86.15,7.97,Rabi,North,Low,Barley
Sandy,17.67,44.98,40.97,6.81,Rabi,North,Medium,Barley
Black,26.75,58.92,105.84,5.88,Kharif,Central,Low,Cotton
Loamy,11.25,42.68,43.48,6.99,Rabi,North,Low,Barley
Clay,22.84,78.32,185.83,5.89,Kharif,South,High,Rice
Loamy,25.37,65.37,93.38,6.64,Zaid,South,Medium,Maize
Sandy,17.68,50.92,46.2,6.79,Rabi,West,Low,Barley
Loamy,13.26,41.07,54.14,7.43,Rabi,West,Low,Mustard
Sandy,13.32,42.38,48.62,6.23,Rabi,Central,Low,Mustard
Loamy,24.85,74.63,171.57,6.57,Zaid,North,High,Sugarcane
Red,24.74,58.35,94.8,6.71,Kharif,South,Medium,Groundnut
Loamy,23.28,74.64,138.8,7.31,Kharif,South,Medium,Maize
Black,25.58,52.64,65.05,6.6,Kharif,West,Medium,Cotton
Loamy,27.39,63.84,51.89,6.12,Kharif,South,Low,Cotton
Clay,22.47,48.85,65.46,6.98,Rabi,Central,Medium,Wheat
Sandy,29.12,40.21,78.71,7.33,Kharif,Central,Low,Millet
Loamy,21.49,50.41,111.94,7.0,Rabi,West,Medium,Wheat
Sandy,13.33,38.94,45.56,7.09,Rabi,North,Low,Mustard
Black,22.1,64.02,115.85,7.5,Kharif,Central,Medium,Soybean
Loamy,22.61,45.72,70.25,6.99,Rabi,North,Low,Mustard
Red,23.57,46.92,88.41,6.92,Kharif,West,Medium,Groundnut
Loamy,22.56,75.61,226.78,5.31,Kharif,North,High,Rice
Loamy,21.11,57.12,129.2,6.08,Kharif,West,Medium,Soybean
Clay,28.74,71.9,174.51,6.74,Zaid,South,High,Sugarcane
Loamy,22.01,62.68,81.72,6.83,Kharif,West,Medium,Soybean
Clay,18.24,53.16,56.59,7.33,Rabi,West,Medium,Wheat
Sandy,23.25,53.24,101.1,6.37,Zaid,South,Low,Groundnut
Loamy,20.07,40.97,37.16,7.23,Rabi,Central,Low,Mustard
Loamy,11.53,42.49,68.43,6.47,Rabi,West,Medium,Barley
Loamy,20.38,73.84,183.99,7.17,Kharif,East,High,Sugarcane
Loamy,13.09,52.4,63.35,6.74,Rabi,West,Low,Barley
Red,24.04,50.92,102.54,6.44,Kharif,West,Low,Groundnut
Loamy,25.78,65.01,101.22,6.14,Kharif,West,Low,Cotton
Loamy,33.7,53.44,86.66,7.14,Kharif,Central,Medium,Cotton
Loamy,21.03,47.51,83.75,6.33,Rabi,North,Low,Barley
Loamy,29.35,55.87,105.4,6.43,Kharif,West,Low,Cotton
Clay,31.74,74.07,184.0,7.35,Kharif,East,High,Sugarcane
Red,30.46,52.5,69.62,7.07,Zaid,West,Medium,Groundnut
Sandy,19.19,57.54,65.98,7.66,Rabi,West,Medium,Barley
Loamy,30.65,84.79,292.12,5.09,Kharif,North,Medium,Rice
Loamy,17.77,48.39,48.74,6.06,Rabi,North,Medium,Barley
Loamy,19.06,40.74,67.69,7.15,Rabi,West,Medium,Barley
Loamy,25.48,87.07,221.85,6.06,Kharif,South,High,Rice
Clay,23.16,76.4,139.3,7.11,Kharif,North,High,Sugarcane
Clay,28.54,63.23,197.96,7.29,Zaid,East,High,Sugarcane
Sandy,18.26,62.88,87.59,6.34,Zaid,North,Medium,Maize
Clay,18.1,53.73,119.64,6.73,Rabi,West,Low,Wheat
Clay,23.08,83.39,100.48,6.26,Kharif,North,High,Sugarcane
Sandy,31.58,51.09,79.68,7.22,Kharif,Central,Low,Millet
Loamy,19.28,57.01,76.67,7.12,Rabi,North,Low,Barley
Red,29.83,44.1,58.95,7.35,Kharif,West,Low,Millet
Loamy,24.37,84.92,294.32,5.19,Kharif,East,Medium,Rice
Sandy,25.53,47.36,106.66,6.66,Kharif,West,Medium,Groundnut
Loamy,22.56,69.43,87.31,7.24,Kharif,West,Medium,Soybean
Red,26.3,36.15,57.76,7.13,Kharif,Central,Low,Millet
Sandy,12.24,50.62,82.31,6.14,Rabi,West,Low,Barley
Clay,30.93,85.57,207.25,5.84,Kharif,North,High,Rice
Black,28.3,59.08,145.52,6.23,Kharif,Central,Medium,Soybean
Clay,18.45,57.52,64.13,7.2,Rabi,Central,Low,Wheat
Black,20.47,65.71,149.63,7.45,Kharif,Central,Medium,Soybean
Loamy,14.32,46.0,45.06,7.64,Rabi,West,Low,Mustard
Loamy,30.3,55.93,95.37,7.99,Kharif,South,Medium,Cotton
Black,24.43,68.16,104.15,7.1,Kharif,Central,Medium,Soybean
Loamy,18.4,46.44,82.86,6.44,Rabi,West,Low,Barley
Sandy,28.64,54.86,72.78,7.33,Kharif,South,Medium,Groundnut
Sandy,19.54,69.52,135.08,6.96,Zaid,Central,Medium,Maize
Black,22.48,61.19,89.95,6.4,Kharif,West,Medium,Soybean
Loamy,26.54,64.09,99.65,5.61,Kharif,South,Medium,Maize
Loamy,12.61,56.89,70.63,7.0,Rabi,Central,Low,Wheat
Clay,32.82,67.8,217.87,7.74,Kharif,East,High,Sugarcane
Loamy,25.18,80.09,302.5,6.53,Kharif,South,Medium,Rice
Loamy,27.98,70.54,139.5,6.44,Kharif,West,Medium,Soybean
Loamy,12.85,40.28,44.76,6.91,Rabi,North,Medium,Barley
Loamy,20.2,59.63,73.6,7.54,Rabi,North,Medium,Barley
Loamy,25.68,49.15,77.07,6.69,Kharif,South,Low,Cotton
Red,30.35,52.99,40.67,6.96,Kharif,South,Low,Millet
Loamy,31.28,62.17,105.33,7.8,Zaid,East,High,Sugarcane
Sandy,27.79,51.69,100.98,6.02,Kharif,South,Medium,Maize
Black,33.23,62.34,52.4,5.86,Kharif,South,Low,Cotton
Sandy,20.03,55.29,67.2,5.74,Kharif,South,Medium,Maize
Loamy,29.17,78.99,218.11,5.17,Kharif,South,Medium,Rice
Loamy,23.48,61.46,194.8,6.92,Kharif,North,High,Sugarcane
Clay,30.31,73.07,205.1,6.08,Kharif,North,Medium,Rice
Red,30.93,54.69,45.05,6.76,Kharif,South,Low,Millet
Loamy,13.41,41.41,74.16,6.0,Rabi,North,Medium,Barley
Red,27.58,45.3,101.67,6.93,Zaid,South,Medium,Groundnut
Loamy,24.45,57.42,64.85,6.24,Zaid,North,Medium,Maize
Red,33.24,56.98,67.77,6.77,Kharif,South,Low,Millet
Loamy,28.25,53.41,59.42,5.83,Kharif,West,Medium,Cotton
Loamy,21.54,54.14,89.78,6.59,Rabi,North,Medium,Barley
Black,28.86,68.62,141.65,6.23,Kharif,Central,Medium,Soybean
Loamy,17.01,47.37,105.63,7.26,Rabi,North,Medium,Wheat
Sandy,19.84,40.06,70.98,7.87,Rabi,North,Medium,Barley
Loamy,34.28,54.53,102.54,7.97,Kharif,South,Low,Cotton
Loamy,13.79,64.23,62.49,6.3,Rabi,Central,Low,Wheat
Red,25.51,35.11,41.58,5.97,Kharif,Central,Low,Millet
Sandy,27.14,46.33,81.39,6.96,Kharif,Central,Low,Millet
Loamy,20.1,74.91,131.68,6.34,Kharif,North,High,Sugarcane
Loamy,29.27,75.77,212.78,7.73,Kharif,East,High,Sugarcane
Clay,25.98,82.53,111.8,6.08,Kharif,East,High,Sugarcane
Sandy,15.47,47.52,51.51,7.52,Rabi,Central,Low,Mustard
Clay,25.02,82.61,230.65,5.16,Kharif,South,High,Rice
Loamy,24.99,74.83,225.15,5.28,Kharif,South,Medium,Rice
Red,30.04,48.74,66.16,5.61,Kharif,West,Low,Millet
Black,26.34,72.28,73.29,6.22,Kharif,Central,Medium,Soybean
Loamy,24.89,38.23,57.97,7.67,Rabi,North,Low,Mustard
Clay,14.37,60.56,110.24,6.37,Rabi,North,Low,Wheat
Black,26.97,70.67,85.12,6.36,Kharif,Central,Medium,Soybean
Sandy,15.85,41.39,79.99,7.38,Rabi,Central,Low,Mustard
Loamy,25.13,68.78,162.96,7.59,Kharif,East,High,Sugarcane
Clay,21.01,60.87,64.84,7.39,Rabi,West,Low,Wheat
Loamy,20.7,71.17,91.94,5.57,Kharif,North,Medium,Maize
Black,33.5,45.07,67.93,7.02,Kharif,South,Medium,Cotton
Red,27.02,57.33,103.9,7.05,Zaid,South,Medium,Groundnut
Sandy,31.43,55.16,78.32,6.52,Kharif,South,Medium,Groundnut
Sandy,31.2,58.02,56.64,6.72,Zaid,West,Low,Groundnut
Black,23.93,59.7,63.95,5.94,Kharif,West,Low,Cotton
Loamy,23.58,67.33,98.12,7.12,Kharif,Central,Medium,Soybean
Loamy,33.63,66.94,107.58,6.3,Kharif,Central,Low,Cotton
Clay,13.26,63.08,110.59,7.2,Rabi,West,Medium,Wheat
Loamy,27.01,73.05,277.48,5.8,Kharif,East,High,Rice
Black,29.94,64.3,139.28,6.37,Kharif,West,Medium,Soybean
Black,22.18,64.36,85.4,6.04,Kharif,Central,Medium,Cotton
Loamy,28.71,66.94,154.11,7.5,Zaid,South,High,Sugarcane
Red,26.16,60.76,58.92,6.69,Kharif,West,Medium,Groundnut
Black,21.76,58.85,81.65,6.86,Kharif,West,Medium,Soybean
Red,23.29,62.38,71.54,6.65,Zaid,South,Low,Groundnut
Red,28.13,35.95,47.57,5.75,Kharif,Central,Low,Millet
Loamy,21.02,54.99,56.82,7.46,Rabi,West,Low,Mustard
Sandy,23.98,66.07,129.37,7.5,Kharif,South,Medium,Maize
Sandy,20.1,58.31,55.16,6.31,Rabi,West,Medium,Barley
Loamy,14.11,47.69,110.22,6.48,Rabi,West,Medium,Wheat
Clay,26.73,75.34,226.42,5.94,Kharif,South,Medium,Rice
Loamy,32.28,51.18,83.35,6.45,Kharif,Central,Medium,Cotton
Loamy,12.54,50.67,75.26,7.67,Rabi,North,Low,Mustard
Clay,12.53,53.03,72.68,7.42,Rabi,North,Low,Wheat
Clay,22.14,74.59,198.46,6.22,Kharif,North,High,Rice
Sandy,21.41,55.96,84.35,6.77,Rabi,North,Medium,Barley
Loamy,25.8,56.63,104.77,6.27,Kharif,Central,Medium,Soybean
Loamy,21.36,65.9,54.6,6.23,Kharif,South,Medium,Cotton
Sandy,22.12,53.84,78.32,6.56,Zaid,South,Medium,Groundnut
Loamy,22.28,49.28,33.47,6.09,Rabi,Central,Low,Mustard
Clay,33.47,62.12,200.33,7.68,Kharif,North,High,Sugarcane
Loamy,23.52,46.97,54.07,7.6,Rabi,Central,Low,Mustard
Clay,30.58,75.24,120.66,6.98,Zaid,East,High,Sugarcane
Sandy,24.57,45.07,108.0,7.3,Kharif,South,Medium,Groundnut
Sandy,26.69,59.93,72.74,6.64,Zaid,West,Low,Groundnut
Loamy,13.91,53.24,41.99,7.75,Rabi,North,Low,Mustard
Loamy,18.96,40.39,53.66,6.94,Rabi,West,Medium,Barley
Loamy,19.22,63.71,82.73,6.3,Rabi,West,Medium,Wheat
Red,25.89,39.26,57.55,5.84,Kharif,West,Low,Millet
Sandy,15.17,45.97,78.16,6.49,Rabi,West,Low,Barley
Sandy,26.69,58.67,95.64,6.44,Zaid,South,Low,Groundnut
Red,28.49,49.87,56.17,6.66,Kharif,South,Low,Millet
Sandy,30.96,39.74,85.16,5.71,Kharif,West,Low,Millet
Loamy,23.8,53.39,86.02,6.02,Rabi,Central,Medium,Wheat
Sandy,22.31,38.94,68.23,7.27,Rabi,North,Low,Mustard
Loamy,34.98,57.31,53.68,7.11,Kharif,South,Medium,Cotton
Red,25.83,50.22,107.12,6.62,Kharif,South,Medium,Groundnut
Sandy,29.02,62.62,53.1,7.46,Zaid,South,Medium,Groundnut
Loamy,22.58,77.33,255.53,5.61,Kharif,North,Medium,Rice
Loamy,21.95,80.2,181.26,6.35,Zaid,North,High,Sugarcane
Sandy,31.1,53.77,54.89,7.2,Zaid,South,Medium,Groundnut
Sandy,31.31,58.79,83.71,6.51,Kharif,South,Medium,Groundnut
Clay,31.25,71.98,298.1,6.62,Kharif,East,Medium,Rice
Clay,18.64,52.92,97.43,7.09,Rabi,Central,Low,Wheat
Loamy,29.16,73.69,85.18,6.21,Zaid,South,Medium,Maize
Loamy,12.36,54.06,56.65,6.88,Rabi,North,Low,Mustard
Loamy,20.07,52.07,105.12,7.25,Rabi,Central,Low,Wheat
Loamy,14.06,46.08,52.1,7.43,Rabi,West,Low,Mustard
Sandy,22.21,64.88,102.6,7.37,Kharif,South,Low,Groundnut
Loamy,30.05,77.75,220.37,6.23,Kharif,North,Medium,Rice
Loamy,26.63,59.74,95.87,7.29,Kharif,Central,Medium,Soybean
Loamy,20.64,56.37,141.11,7.2,Kharif,West,Medium,Soybean
Loamy,32.24,47.77,86.52,7.91,Kharif,Central,Medium,Cotton
Clay,13.41,46.2,108.43,6.23,Rabi,Central,Low,Wheat
Red,27.17,39.5,82.7,6.92,Kharif,Central,Low,Millet
Sandy,30.5,50.1,92.94,7.21,Kharif,West,Low,Groundnut
Sandy,27.02,51.62,72.24,6.32,Kharif,South,Low,Millet
Loamy,18.18,49.71,60.72,6.65,Rabi,West,Low,Mustard
Loamy,32.3,83.11,198.59,7.01,Kharif,South,High,Sugarcane
Loamy,18.78,51.37,106.54,5.54,Kharif,Central,Medium,Maize
Sandy,27.87,55.11,94.57,7.34,Kharif,South,Low,Groundnut
Clay,13.84,46.27,63.66,6.85,Rabi,North,Medium,Wheat
Loamy,19.15,49.63,111.17,6.38,Rabi,North,Low,Wheat
Black,26.7,68.56,107.04,6.7,Kharif,West,Low,Cotton
Clay,32.16,62.74,145.71,6.91,Zaid,East,High,Sugarcane
Sandy,14.98,45.05,61.4,6.04,Rabi,Central,Low,Mustard
Loamy,22.84,54.09,35.62,6.3,Rabi,Central,Low,Mustard
Black,24.74,66.49,86.15,6.63,Kharif,West,Medium,Cotton
Red,25.77,42.55,38.69,7.34,Kharif,West,Low,Millet
Loamy,31.35,50.97,90.28,6.36,Kharif,West,Medium,Cotton
Loamy,14.83,36.28,36.55,6.28,Rabi,West,Low,Mustard
Red,27.79,53.06,64.99,6.66,Zaid,South,Medium,Groundnut
Loamy,13.51,47.87,98.52,6.26,Rabi,West,Low,Wheat
Sandy,28.47,62.06,133.79,5.68,Kharif,Central,Medium,Maize
Red,31.5,38.06,70.5,7.26,Kharif,Central,Low,Millet
Sandy,19.98,37.61,48.23,6.56,Rabi,West,Low,Mustard
Clay,27.85,82.13,180.69,7.16,Kharif,North,High,Sugarcane
Loamy,23.42,52.99,67.64,7.0,Kharif,West,Medium,Cotton
Loamy,19.92,51.05,116.33,6.55,Rabi,West,Low,Wheat
Sandy,28.61,48.97,93.68,7.08,Zaid,South,Low,Groundnut
Clay,29.41,79.89,170.75,7.39,Zaid,North,High,Sugarcane
Clay,15.82,60.98,92.05,6.32,Rabi,West,Medium,Wheat
Loamy,17.52,48.55,65.52,7.02,Rabi,North,Low,Barley
Loamy,26.02,73.42,105.02,6.52,Kharif,Central,Medium,Soybean
Clay,23.74,59.9,103.53,7.14,Rabi,North,Medium,Wheat
Red,24.81,35.27,37.38,5.81,Kharif,South,Low,Millet
Loamy,17.77,60.64,102.36,7.22,Rabi,North,Medium,Wheat
Sandy,27.26,59.46,126.81,5.93,Zaid,North,Medium,Maize
Sandy,20.85,46.48,63.33,7.16,Rabi,North,Low,Mustard
Loamy,29.24,72.37,74.88,6.15,Kharif,North,Medium,Maize
Clay,31.98,84.02,263.33,5.71,Kharif,South,High,Rice
Sandy,27.18,50.18,100.75,6.05,Zaid,South,Medium,Groundnut
Loamy,19.44,63.66,118.66,6.1,Rabi,West,Low,Wheat
Loamy,12.43,44.23,88.9,6.87,Rabi,North,Low,Barley
Clay,22.49,45.48,86.43,6.7,Rabi,North,Medium,Wheat
Sandy,20.36,49.31,40.13,6.35,Rabi,North,Low,Mustard
Sandy,15.09,50.28,65.06,7.08,Rabi,Central,Low,Mustard
Sandy,26.36,53.89,62.96,6.85,Kharif,South,Low,Groundnut
Sandy,25.36,50.35,134.21,6.03,Kharif,North,Medium,Maize
Sandy,26.69,53.18,81.27,6.3,Kharif,Central,Low,Millet
Loamy,12.59,57.03,84.03,6.39,Rabi,North,Medium,Wheat
Loamy,21.52,63.84,200.51,6.87,Kharif,North,High,Sugarcane
Loamy,29.61,85.72,197.94,5.81,Kharif,South,High,Rice
Loamy,25.46,72.48,185.73,6.4,Kharif,North,Medium,Rice
Loamy,29.56,76.07,178.32,7.09,Kharif,North,High,Sugarcane
Sandy,17.71,52.07,58.6,6.97,Rabi,West,Low,Mustard
Red,26.11,35.11,60.25,6.56,Kharif,West,Low,Millet
Sandy,30.56,51.23,87.82,6.94,Kharif,South,Medium,Groundnut
Loamy,10.39,41.56,62.28,6.2,Rabi,West,Low,Mustard
Loamy,21.96,62.3,87.9,7.47,Kharif,West,Low,Cotton
Sandy,23.32,62.26,50.03,6.08,Kharif,West,Low,Groundnut
Loamy,25.45,66.18,203.1,6.54,Zaid,North,High,Sugarcane
Sandy,15.42,39.98,77.32,7.01,Rabi,Central,Low,Mustard
Sandy,26.52,65.89,119.52,6.56,Kharif,South,Medium,Maize
Loamy,31.37,81.52,157.95,7.51,Zaid,North,High,Sugarcane
Sandy,11.72,56.21,75.24,7.06,Rabi,North,Low,Barley
Red,27.33,59.65,52.7,5.9,Kharif,South,Low,Millet
Loamy,31.5,77.3,167.11,6.0,Kharif,North,High,Sugarcane
Clay,32.73,83.3,167.72,6.8,Zaid,South,High,Sugarcane
Loamy,18.24,37.57,26.9,6.4,Rabi,Central,Low,Mustard
Loamy,19.0,40.02,58.67,7.62,Rabi,West,Low,Mustard
Loamy,11.99,51.81,48.48,7.45,Rabi,West,Low,Barley
Clay,21.6,81.3,203.64,7.0,Kharif,South,High,Sugarcane
Loamy,20.0,62.01,99.29,7.33,Kharif,Central,Medium,Soybean
Loamy,24.78,59.94,76.51,6.34,Kharif,West,Medium,Cotton
Clay,23.5,81.91,137.15,6.36,Zaid,North,High,Sugarcane
Clay,29.49,61.0,204.04,6.66,Zaid,North,High,Sugarcane
Black,27.73,60.73,119.67,7.2,Kharif,Central,Medium,Soybean
Sandy,30.14,48.22,62.46,6.0,Zaid,South,Medium,Groundnut
Black,25.61,58.71,63.31,5.85,Kharif,South,Medium,Cotton
Black,28.26,74.94,77.87,6.15,Kharif,Central,Medium,Soybean
Black,30.11,48.2,105.84,6.91,Kharif,South,Medium,Cotton
Sandy,30.55,49.99,94.16,7.43,Zaid,West,Medium,Groundnut
Sandy,13.21,51.79,83.26,6.64,Rabi,West,Medium,Barley
Loamy,12.96,36.71,37.76,7.73,Rabi,West,Low,Mustard
Loamy,24.44,57.29,98.35,7.77,Kharif,South,Low,Cotton
Clay,28.01,72.39,231.09,6.73,Kharif,East,Medium,Rice
Loamy,22.5,63.59,123.88,6.42,Kharif,Central,Medium,Soybean
Loamy,25.46,66.44,120.39,7.72,Kharif,North,High,Sugarcane
Sandy,19.78,42.96,69.1,7.69,Rabi,North,Low,Mustard
Sandy,18.75,46.19,67.01,7.85,Rabi,North,Low,Barley
Sandy,31.5,36.24,37.87,6.78,Kharif,South,Low,Millet
Sandy,26.44,52.01,53.25,6.23,Kharif,Central,Low,Millet
Loamy,27.11,60.74,122.14,6.94,Kharif,Central,Medium,Soybean
Clay,23.72,51.37,82.28,6.64,Rabi,Central,Medium,Wheat
Loamy,21.31,60.35,63.4,6.4,Kharif,South,Medium,Maize
Loamy,11.76,48.64,54.2,6.24,Rabi,West,Low,Barley
Sandy,28.37,35.11,56.79,5.51,Kharif,Central,Low,Millet
Loamy,24.32,54.25,125.46,6.67,Kharif,North,Medium,Maize
Sandy,16.81,43.71,73.95,6.14,Rabi,North,Low,Barley
Sandy,13.86,53.14,53.52,7.43,Rabi,North,Low,Mustard
Sandy,27.26,54.11,91.52,6.03,Zaid,South,Low,Groundnut
Black,23.64,57.02,83.97,7.4,Kharif,West,Medium,Soybean
Clay,26.63,64.11,184.62,7.43,Kharif,South,High,Sugarcane
Clay,29.06,63.38,152.93,7.61,Zaid,South,High,Sugarcane
Sandy,30.17,37.47,36.18,6.46,Kharif,West,Low,Millet
Sandy,21.89,59.93,88.98,6.85,Rabi,West,Low,Barley
Loamy,23.89,83.2,119.81,7.78,Kharif,North,High,Sugarcane
Clay,31.89,81.12,297.47,6.78,Kharif,North,Medium,Rice
Loamy,12.74,51.84,58.96,6.37,Rabi,West,Medium,Barley
Sandy,26.98,71.91,70.92,6.14,Zaid,Central,Medium,Maize
Loamy,22.41,52.89,54.35,7.88,Kharif,Central,Low,Cotton
Black,27.08,65.98,127.91,6.13,Kharif,Central,Medium,Soybean
Black,20.97,56.27,130.69,6.8,Kharif,West,Medium,Soybean
Sandy,30.86,43.94,46.57,6.51,Kharif,Central,Low,Millet
Loamy,11.88,58.2,50.82,7.99,Rabi,West,Medium,Barley
Loamy,16.03,60.95,108.74,6.21,Rabi,North,Low,Wheat
Loamy,25.94,78.33,180.23,5.2,Kharif,East,High,Rice
Loamy,21.65,66.56,130.35,6.56,Kharif,West,Medium,Soybean
Loamy,26.89,83.26,313.79,5.52,Kharif,East,Medium,Rice
Loamy,21.68,63.0,132.88,6.89,Kharif,Central,Medium,Soybean
Clay,14.04,64.57,84.9,6.74,Rabi,Central,Medium,Wheat
Loamy,22.7,55.0,114.4,5.86,Kharif,South,Medium,Maize
Sandy,29.27,58.62,104.56,6.09,Zaid,North,Medium,Maize
Sandy,29.39,68.91,97.73,6.47,Zaid,Central,Medium,Maize
Sandy,18.41,69.25,123.94,6.7,Zaid,Central,Medium,Maize
Loamy,24.32,74.13,105.16,6.14,Kharif,North,High,Sugarcane
Red,22.26,45.71,93.63,6.32,Zaid,West,Medium,Groundnut
Loamy,28.64,55.47,90.1,6.07,Kharif,West,Medium,Soybean
Clay,27.2,77.78,160.47,7.63,Zaid,North,High,Sugarcane
Sandy,27.99,49.95,59.32,6.8,Kharif,South,Medium,Groundnut
Loamy,28.35,52.94,56.26,6.71,Kharif,South,Low,Cotton
Clay,27.72,79.32,253.17,6.38,Kharif,South,Medium,Rice
Clay,27.57,85.68,273.0,5.73,Kharif,South,High,Rice
Red,30.72,58.17,95.19,6.26,Zaid,South,Medium,Groundnut
Black,26.4,70.76,141.76,7.02,Kharif,West,Medium,Soybean
Loamy,24.22,49.26,88.57,7.94,Kharif,Central,Medium,Cotton
Sandy,21.16,58.88,87.91,6.93,Kharif,South,Medium,Maize
Clay,16.84,56.24,100.38,6.76,Rabi,Central,Low,Wheat
Sandy,20.62,43.5,45.12,6.41,Rabi,North,Medium,Barley
Clay,19.84,53.97,77.5,7.31,Rabi,North,Low,Wheat
Sandy,10.82,53.12,42.6,7.78,Rabi,North,Medium,Barley
Loamy,26.05,70.21,115.15,6.76,Kharif,Central,Medium,Soybean
Sandy,31.49,47.69,86.44,6.36,Kharif,Central,Low,Millet
Sandy,28.2,74.97,77.92,6.07,Kharif,North,Medium,Maize
Sandy,17.12,59.78,87.35,6.21,Rabi,North,Low,Barley
Sandy,19.07,59.88,119.77,6.24,Kharif,North,Medium,Maize
Loamy,25.07,57.25,120.08,7.31,Kharif,Central,Medium,Soybean
Loamy,23.58,46.27,28.73,6.49,Rabi,Central,Low,Mustard
Loamy,32.61,51.93,53.2,7.87,Kharif,South,Low,Cotton
Sandy,17.98,36.09,31.18,6.01,Rabi,North,Low,Mustard
Loamy,12.9,57.29,54.01,7.55,Rabi,North,Low,Barley
Loamy,17.06,46.34,91.51,6.34,Rabi,Central,Low,Wheat
Loamy,23.12,61.51,125.03,6.06,Kharif,Central,Medium,Soybean
Clay,13.39,52.8,119.9,6.29,Rabi,Central,Medium,Wheat
Loamy,16.73,47.62,61.4,7.03,Rabi,North,Medium,Wheat
Loamy,13.17,43.45,86.49,6.09,Rabi,North,Medium,Barley
Sandy,26.62,61.07,72.5,5.71,Zaid,Central,Medium,Maize
Loamy,18.11,46.87,87.46,6.65,Rabi,North,Low,Barley
Sandy,27.23,57.52,71.46,6.1,Zaid,South,Medium,Groundnut
Clay,22.61,83.44,136.22,6.46,Kharif,East,High,Sugarcane
Loamy,23.06,58.96,146.37,7.22,Kharif,West,Medium,Soybean
Loamy,29.72,67.43,123.67,6.68,Kharif,Central,Medium,Soybean
Black,25.94,57.95,135.29,6.06,Kharif,West,Medium,Soybean
Clay,19.83,64.84,119.96,6.77,Rabi,North,Medium,Wheat
Loamy,29.47,75.25,311.15,5.43,Kharif,East,High,Rice
Sandy,19.8,53.72,65.59,6.85,Rabi,North,Medium,Barley
Loamy,29.12,60.67,71.2,7.29,Kharif,Central,Low,Cotton
Loamy,20.97,51.14,31.24,7.18,Rabi,West,Low,Mustard
Loamy,30.86,88.42,250.51,5.94,Kharif,East,Medium,Rice
Red,33.67,38.04,70.95,5.93,Kharif,Central,Low,Millet
Loamy,30.65,76.02,181.12,6.6,Zaid,East,High,Sugarcane
Loamy,19.08,59.97,63.93,7.61,Rabi,West,Medium,Barley
Clay,16.48,56.3,68.92,6.24,Rabi,West,Low,Wheat
Clay,30.53,74.68,188.16,5.51,Kharif,North,High,Rice
Sandy,21.09,71.67,119.69,7.27,Kharif,North,Medium,Maize
Loamy,24.47,66.4,219.93,7.29,Zaid,South,High,Sugarcane
Loamy,18.3,55.05,120.53,7.48,Kharif,Central,Medium,Maize
Sandy,15.73,41.52,53.05,6.53,Rabi,Central,Low,Mustard
Loamy,23.79,64.06,55.03,6.21,Rabi,Central,Low,Wheat
Sandy,34.32,50.96,83.98,5.72,Kharif,West,Low,Millet
Clay,24.02,76.12,261.09,5.32,Kharif,South,High,Rice
Loamy,24.09,79.98,159.79,7.67,Zaid,South,High,Sugarcane
Red,23.13,54.71,68.7,6.68,Zaid,South,Low,Groundnut
Sandy,20.52,43.25,58.21,7.7,Rabi,West,Low,Barley
Loamy,23.89,35.28,58.1,7.71,Rabi,North,Low,Mustard
Loamy,31.9,84.11,155.86,6.09,Zaid,North,High,Sugarcane
Sandy,15.68,53.9,28.45,6.21,Rabi,West,Low,Mustard
Clay,31.09,72.28,184.53,6.14,Zaid,East,High,Sugarcane
Red,24.57,58.25,34.38,5.65,Kharif,West,Low,Millet
Loamy,13.1,58.35,95.89,6.99,Rabi,North,Medium,Wheat
Red,34.91,41.04,45.74,5.69,Kharif,Central,Low,Millet
Clay,27.12,78.31,184.65,6.43,Kharif,North,High,Sugarcane
Black,25.6,63.28,61.03,6.16,Kharif,West,Medium,Cotton
Black,22.98,61.66,122.27,6.82,Kharif,West,Medium,Soybean
Loamy,30.32,53.78,103.2,7.6,Kharif,West,Low,Cotton
Sandy,28.89,43.56,52.42,5.77,Kharif,South,Low,Millet
Loamy,16.22,46.43,81.39,7.54,Rabi,West,Medium,Barley
Loamy,15.62,63.06,53.16,7.4,Rabi,Central,Low,Wheat
Loamy,29.59,84.39,240.49,6.13,Kharif,East,Medium,Rice
Sandy,23.19,38.94,68.27,7.08,Rabi,Central,Low,Mustard
Loamy,23.11,67.84,104.15,7.62,Kharif,West,Low,Cotton
Sandy,29.24,64.24,62.53,6.97,Kharif,South,Low,Groundnut
Clay,14.37,50.83,87.06,7.32,Rabi,North,Low,Wheat
Sandy,28.87,43.61,75.2,6.59,Kharif,South,Low,Millet
Red,28.93,53.7,98.2,7.5,Kharif,West,Low,Groundnut
Loamy,19.3,56.01,81.91,5.57,Kharif,North,Medium,Maize
Sandy,12.84,40.6,55.41,7.8,Rabi,West,Medium,Barley
Loamy,20.26,71.26,95.7,5.96,Kharif,Central,Medium,Maize
Sandy,21.71,40.66,76.62,7.55,Rabi,West,Low,Barley
Loamy,12.97,45.48,32.46,7.19,Rabi,North,Low,Mustard
Clay,27.62,72.04,271.41,6.72,Kharif,East,Medium,Rice
Red,28.74,37.05,46.54,6.81,Kharif,West,Low,Millet
Red,26.26,54.07,50.34,7.17,Kharif,West,Medium,Groundnut
Loamy,26.12,78.18,210.47,6.06,Kharif,South,High,Rice
Loamy,27.13,61.81,99.94,6.74,Zaid,Central,Medium,Maize
Sandy,27.78,61.12,82.56,7.28,Zaid,South,Medium,Groundnut
Black,29.46,54.9,52.48,6.02,Kharif,South,Medium,Cotton
Loamy,30.07,89.97,221.49,5.73,Kharif,South,High,Rice
Black,27.97,70.68,100.04,6.93,Kharif,Central,Medium,Soybean
Loamy,21.17,71.82,112.33,6.09,Kharif,West,Medium,Soybean
Sandy,22.33,56.45,55.0,6.14,Kharif,West,Medium,Groundnut
Sandy,13.43,39.2,31.81,6.3,Rabi,North,Low,Mustard
Sandy,29.97,41.68,66.75,5.64,Kharif,Central,Low,Millet
Red,27.7,61.16,103.21,6.95,Kharif,West,Low,Groundnut
